-- phpMyAdmin SQL Dump
-- version 5.2.0
-- https://www.phpmyadmin.net/
--
-- Host: 127.0.0.1
-- Erstellungszeit: 20. Apr 2023 um 05:31
-- Server-Version: 10.4.25-MariaDB
-- PHP-Version: 8.1.10

SET SQL_MODE = "NO_AUTO_VALUE_ON_ZERO";
START TRANSACTION;
SET time_zone = "+00:00";


/*!40101 SET @OLD_CHARACTER_SET_CLIENT=@@CHARACTER_SET_CLIENT */;
/*!40101 SET @OLD_CHARACTER_SET_RESULTS=@@CHARACTER_SET_RESULTS */;
/*!40101 SET @OLD_COLLATION_CONNECTION=@@COLLATION_CONNECTION */;
/*!40101 SET NAMES utf8mb4 */;

--
-- Datenbank: `db_drivestar`
--
CREATE DATABASE IF NOT EXISTS `db_drivestar` DEFAULT CHARACTER SET utf8mb4 COLLATE utf8mb4_general_ci;
USE `db_drivestar`;

-- --------------------------------------------------------

--
-- Tabellenstruktur für Tabelle `answer`
--

CREATE TABLE IF NOT EXISTS `answer` (
  `id` int(11) UNSIGNED NOT NULL AUTO_INCREMENT,
  `question_id` int(11) UNSIGNED NOT NULL,
  `answer` varchar(255) NOT NULL,
  `is_correct` tinyint(1) NOT NULL,
  PRIMARY KEY (`id`),
  KEY `question_id` (`question_id`)
) ENGINE=InnoDB AUTO_INCREMENT=5049 DEFAULT CHARSET=utf8mb4;

--
-- Daten für Tabelle `answer`
--

INSERT INTO `answer` (`id`, `question_id`, `answer`, `is_correct`) VALUES
(1, 1, 'Nicht auf dem eigenen Recht bestehen', 1),
(2, 1, 'Mit Fehlern anderer rechnen', 1),
(3, 1, 'Vorsorglich an jeder Kreuzung anhalten', 0),
(4, 2, 'Unerwartet starkes Bremsen', 1),
(5, 2, 'Unaufmerksamkeit', 1),
(6, 2, 'Zu dichtes Auffahren', 1),
(7, 3, 'Ich reagiere möglichst frühzeitig auf wahrscheinliche Veränderungen der Verkehrssituation', 1),
(8, 3, 'Ich versuche, die Absichten anderer Verkehrsteilnehmer möglichst frühzeitig zu erkennen', 1),
(9, 3, 'Ich beschränke die Verkehrsbeobachtung möglichst auf das direkt vor mir fahrende Fahrzeug', 0),
(10, 4, 'Ich weiß möglicherweise zu wenig über die Besonderheiten – in der Anordnung und der Funktion der Bedienelemente', 1),
(11, 4, 'Ich weiß möglicherweise zu wenig über die Besonderheiten – im Bremsverhalten', 1),
(12, 4, 'Ich weiß möglicherweise zu wenig über die Besonderheiten – im Lenkverhalten', 1),
(13, 5, 'Der Vorausfahrende – bremst unerwartet', 1),
(14, 5, 'Der Vorausfahrende – betätigt den Blinker vor dem Abbiegen zu spät', 1),
(15, 5, 'Der Vorausfahrende – hält unerwartet an, um nach dem Weg zu fragen', 1),
(16, 6, 'Abwürgen des Motors', 1),
(17, 6, 'Langsamfahren ohne triftigen Grund', 1),
(18, 6, 'Liegenbleiben wegen Kraftstoffmangels', 1),
(19, 7, 'Weil der Verkehrsfluss behindert wird', 1),
(20, 7, 'Weil die Gefahr von Auffahrunfällen erhöht wird', 1),
(21, 7, 'Weil Nachfolgende zu gefährlichem Überholen verleitet werden', 1),
(22, 8, 'Schwere Augenlider', 1),
(23, 8, 'Häufiges Gähnen', 1),
(24, 8, 'Verkürzte Reaktionszeit', 0),
(25, 9, 'Sekundenschlaf', 1),
(26, 9, 'Konzentrationsmangel', 1),
(27, 9, 'Fahrfehler', 1),
(28, 10, 'Unverzüglich eine Pause einlegen', 1),
(29, 10, 'Sich an frischer Luft bewegen', 1),
(30, 10, 'Anregende Musik hören', 0),
(31, 11, 'Nachlassende Aufmerksamkeit', 1),
(32, 11, 'Eingeschränkte Wahrnehmung', 1),
(33, 11, 'Verzögerte Reaktionen', 1),
(34, 12, 'Durch liegen gebliebene Fahrzeuge', 1),
(35, 12, 'Durch nicht angepasste Geschwindigkeit', 1),
(36, 12, 'Durch eingeschaltete Beleuchtung am Tage', 0),
(37, 13, 'Ablenkung', 1),
(38, 13, 'Unaufmerksamkeit', 1),
(39, 13, 'Müdigkeit', 1),
(40, 14, 'Eine mangelhafte Beobachtung des Verkehrs', 1),
(41, 14, 'Ein Fahren mit zu geringem Abstand', 1),
(42, 14, 'Eine unangepasste Geschwindigkeit', 1),
(43, 15, 'Sie laufen auf den Zebrastreifen, ohne auf den Verkehr zu achten', 1),
(44, 15, 'Sie kehren ohne erkennbaren Grund auf dem Zebrastreifen um und laufen zurück', 1),
(45, 15, 'Sie schätzen Geschwindigkeit und Entfernung herannahender Fahrzeuge immer richtig ein und warten am Fahrbahnrand', 0),
(46, 16, 'Dass die Kinder – schon losrennen, wenn die Ampel in meiner Fahrtrichtung von Grün auf Gelb umschaltet', 1),
(47, 16, 'Dass die Kinder – auch bei Rot loslaufen, weil es ihnen zu lange dauert', 1),
(48, 16, 'Dass die Kinder – sich gegenseitig auf die Fahrbahn schubsen', 1),
(49, 17, 'Dass die Kinder – bedenkenlos auf die Fahrbahn wechseln', 1),
(50, 17, 'Dass die Kinder – zu weit in die Fahrbahn kommen', 1),
(51, 17, 'Dass die Kinder – absteigen und warten, bis alles frei ist', 0),
(52, 18, 'Man darf mit Schrittgeschwindigkeit rechts vorbeifahren, wenn Fahrgäste nicht behindert werden und eine Gefährdung ausgeschlossen ist', 1),
(53, 18, 'Wenn niemand behindert oder gefährdet wird, darf man rechts auch schneller als mit Schrittgeschwindigkeit vorbeifahren', 0),
(54, 18, 'Die Fahrgäste müssen vor dem Einsteigen den fließenden Verkehr durchlassen', 0),
(55, 19, 'Sie dürfen – den Bus so lange nicht überholen, wie er noch fährt', 1),
(56, 19, 'Sie dürfen – an dem haltenden Bus mit Schrittgeschwindigkeit vorbeifahren, wenn eine Gefährdung von Fahrgästen ausgeschlossen ist', 1),
(57, 19, 'Sie dürfen – den Bus überholen, solange er noch fährt', 0),
(58, 20, 'Dass sie auf der Fahrbahn stehen bleiben', 1),
(59, 20, 'Dass sie auf der Fahrbahn umkehren', 1),
(60, 20, 'Dass sie die Fahrbahn langsam überqueren', 1),
(61, 21, 'Ich fahre so lange hinterher, bis ich überholen kann', 1),
(62, 21, 'Ich überhole mit großem Seitenabstand, weil ich mit Ausweichbewegungen rechnen muss', 1),
(63, 21, 'Ich mache die Person durch Hupen darauf aufmerksam, dass sie sich falsch verhält', 0),
(64, 22, 'Ich halte und schalte die Warnblinkanlage ein', 1),
(65, 22, 'Ich steige aus und helfe der Person im Rollstuhl', 1),
(66, 22, 'Ich hupe und fahre um die Person herum', 0),
(67, 23, 'Dem Mann', 1),
(68, 23, 'Dem Kind', 0),
(69, 23, 'Der Frau', 0),
(70, 24, 'Anhalten', 1),
(71, 24, 'Den Mann die Straße überqueren lassen', 1),
(72, 24, 'Blickkontakt aufnehmen', 0),
(73, 25, '[Der Junge] auf dem Fahrrad wird – auf die Fahrbahn fahren', 1),
(74, 25, '[Der Junge] auf dem Fahrrad wird – auf dem Radweg weiterfahren', 0),
(75, 25, '[Der Junge] auf dem Fahrrad wird – stehen bleiben', 0),
(76, 26, 'Kinder beobachten', 1),
(77, 26, 'Bremsbereit sein', 1),
(78, 26, 'Mit unveränderter Geschwindigkeit weiterfahren', 0),
(79, 27, 'Die Radfahrerin vor mir wird – nach links abbiegen', 1),
(80, 27, 'Die Radfahrerin vor mir wird – auf die andere Straßenseite fahren', 1),
(81, 27, 'Die Radfahrerin vor mir wird – mich beim Weiterfahren nicht beeinträchtigen', 0),
(82, 28, 'Die Kinder verlassen die Fahrbahn nicht rechtzeitig', 1),
(83, 28, 'Einzelne Kinder kehren wieder um', 1),
(84, 28, 'Alle Kinder warten auf dem Gehweg', 0),
(85, 29, 'Auf Schrittgeschwindigkeit abbremsen', 1),
(86, 29, 'Bremsbereit bleiben', 1),
(87, 29, 'Unvermindert weiterfahren', 0),
(88, 30, 'Sofort auf Schrittgeschwindigkeit abbremsen', 1),
(89, 30, 'Bremsbereit bleiben', 1),
(90, 30, 'Mit unverminderter Geschwindigkeit vorbeifahren', 0),
(91, 31, 'Alle Fahrzeuge, die – in gleicher Richtung fahren', 1),
(92, 31, 'Alle Fahrzeuge, die – entgegenkommen', 1),
(93, 32, 'Ich bremse auf Schrittgeschwindigkeit ab', 1),
(94, 32, 'Ich bleibe bremsbereit', 1),
(95, 32, 'Ich überhole [den Radfahrer]', 0),
(102, 35, 'Sie dürfen – nur mit Schrittgeschwindigkeit vorbeifahren', 1),
(103, 35, 'Sie dürfen – nur vorbeifahren, wenn eine Gefährdung von Fahrgästen ausgeschlossen ist', 1),
(104, 35, 'Sie dürfen – in keinem Fall vorbeifahren', 0),
(105, 36, 'Die entgegenkommenden Pkws dürfen nur vorsichtig an dem Bus vorbeifahren', 1),
(106, 36, 'Sie dürfen nur vorsichtig an dem Bus vorbeifahren', 1),
(107, 36, 'Als Gegenverkehr brauchen Sie den Bus nicht besonders zu beachten', 0),
(108, 37, 'Auf beiden Fahrstreifen darf höchstens mit Schrittgeschwindigkeit an dem Bus vorbeigefahren werden', 1),
(109, 37, 'Auf beiden Fahrstreifen muss angehalten werden, wenn sonst Fahrgäste gefährdet würden', 1),
(110, 37, 'Die Fahrzeuge auf dem linken Fahrstreifen dürfen ohne besondere Vorsicht an dem Bus vorbeifahren', 0),
(111, 38, 'Bremsen', 1),
(112, 38, 'Weiterfahren', 0),
(113, 38, 'Ausweichen', 0),
(114, 39, 'Langsamer fahren und bremsbereit sein', 1),
(115, 39, 'Unverändert weiterfahren, um den nachfolgenden Verkehr nicht zu behindern', 0),
(116, 39, 'Hupen und weiterfahren', 0),
(117, 40, 'Der Hund – läuft auf die Fahrbahn und zieht das Kind hinter sich her', 1),
(118, 40, 'Der Hund – reißt sich los und das Kind läuft hinterher', 1),
(119, 40, 'Der Hund – wird von dem Kind sicher unter Kontrolle gehalten', 0),
(558, 187, 'Sie müssen – mit Fehlverhalten anderer rechnen', 1),
(559, 187, 'Sie müssen – vorausschauend fahren', 1),
(560, 187, 'Sie müssen – in jedem Fall auf Ihrem Vorfahrtrecht bestehen', 0),
(561, 188, 'Gegenüber Personen mit erkennbaren Behinderungen', 1),
(562, 188, 'Gegenüber Kindern', 1),
(563, 188, 'Gegenüber Taxifahrern', 0),
(564, 189, 'Zum Halten und Parken', 1),
(565, 189, 'Zum Befahren mit langsamen Fahrzeugen', 1),
(566, 189, 'Zum Überholen', 0),
(567, 190, 'Ich fahre geradeaus weiter oder biege links ab', 1),
(568, 190, 'Ich wechsle vorsichtig in den rechten Fahrstreifen', 0),
(569, 190, 'Ich fahre geradeaus weiter und biege im Kreuzungsbereich rechts ab', 0),
(570, 191, 'Langsam fahrende landwirtschaftliche Zug- und Arbeitsmaschinen', 1),
(571, 191, 'Mofas', 1),
(572, 191, 'Kleinkrafträder', 0),
(576, 193, 'Ich sollte – Lärm vermeiden', 1),
(577, 193, 'Ich sollte – möglichst weit rechts fahren', 1),
(578, 193, 'Ich sollte – Standlicht einschalten', 0),
(579, 194, 'An der nächsten Kreuzung – gilt die Vorfahrtregel „rechts vor links“', 1),
(580, 194, 'An der nächsten Kreuzung – habe ich Vorfahrt', 0),
(581, 194, 'An der nächsten Kreuzung – endet ein verkehrsberuhigter Bereich', 0),
(582, 195, 'Ich beachte – die Breite der Vorfahrtstraße', 1),
(583, 195, 'Ich beachte – die Geschwindigkeit und Entfernung des Querverkehrs', 1),
(584, 195, 'Ich beachte – die Witterungsverhältnisse', 1),
(585, 196, 'Ich sollte damit rechnen, dass – Türen parkender Fahrzeuge plötzlich geöffnet werden', 1),
(586, 196, 'Ich sollte damit rechnen, dass – abbiegende Fahrzeuge mich übersehen', 1),
(587, 196, 'Ich sollte damit rechnen, dass – Fußgänger den Radweg benutzen', 1),
(588, 198, 'Mitführen eines ungebremsten Anhängers', 1),
(589, 198, 'Nasse oder glatte Fahrbahnen', 1),
(590, 198, 'Fahren auf Gefällstrecken', 1),
(591, 199, 'Vom Zustand der – Bereifung', 1),
(592, 199, 'Vom Zustand der – Bremsanlage', 1),
(593, 199, 'Vom Zustand der – Fahrbahnoberfläche', 1),
(594, 200, 'Sicht- und Wetterverhältnisse', 1),
(595, 200, 'Fahrbahnzustand und Verkehrsverhältnisse', 1),
(596, 200, 'Persönliche Fähigkeiten', 1),
(597, 201, '{Geschwindigkeit in km/h}/{10} x 3', 1),
(598, 201, '{Geschwindigkeit in km/h}/{10} x 5', 0),
(599, 201, '{Geschwindigkeit in km/h}/{10} x {Geschwindigkeit in km/h}/{10}', 0),
(600, 202, '{Geschwindigkeit in km/h}/{10} x {Geschwindigkeit in km/h}/{10}', 1),
(601, 202, '{Geschwindigkeit in km/h}/{10} x 5', 0),
(602, 202, '{Geschwindigkeit in km/h}/{10} x 3', 0),
(603, 203, '36 m', 1),
(604, 203, '27 m', 0),
(605, 203, '18 m', 0),
(606, 206, 'Von den Sichtverhältnissen', 1),
(607, 206, 'Von der Geschwindigkeit', 1),
(608, 206, 'Von der Fahrbahnbeschaffenheit', 1),
(615, 209, 'Zum vorausschauenden Fahren', 1),
(616, 209, 'Zur Verringerung des Unfallrisikos', 1),
(617, 209, 'Zur Einschränkung der Sicht', 0),
(618, 210, 'Wo die Verkehrslage unklar ist', 1),
(619, 210, 'Wo der Gegenverkehr behindert werden könnte', 1),
(620, 210, 'In allen Einbahnstraßen', 0),
(621, 211, 'Dass eine Gefährdung des nachfolgenden Verkehrs ausgeschlossen ist', 1),
(622, 211, 'Dass der Gegenverkehr nicht gefährdet wird', 1),
(623, 211, 'Dass der Vorausfahrende rechts blinkt', 0),
(624, 212, 'Ohne den Überholten zu behindern, so bald wie möglich wieder nach rechts einordnen', 1),
(625, 212, 'Das Wiedereinordnen rechtzeitig und deutlich anzeigen', 1),
(626, 212, 'Dicht vor dem Überholten wieder auf die rechte Fahrbahnseite wechseln', 0),
(627, 213, 'Die Geschwindigkeit des Überholenden muss wesentlich höher sein', 1),
(628, 213, 'Die zulässige Höchstgeschwindigkeit darf nicht überschritten werden', 1),
(629, 213, 'Wer überholt wird, darf seine Geschwindigkeit nicht erhöhen', 1),
(630, 214, 'Möglichst weit rechts fahren', 1),
(631, 214, 'Geschwindigkeit nicht erhöhen', 1),
(632, 214, 'Geschwindigkeit erhöhen', 0),
(633, 215, 'Rechts', 1),
(634, 215, 'Links', 0),
(635, 215, 'Links nur dann, wenn rechts andere Fahrzeuge die Fahrbahn versperren', 0),
(636, 216, 'In Einbahnstraßen', 1),
(637, 216, 'Wenn die Schienen zu weit rechts liegen', 1),
(638, 216, 'Wenn die Fahrbahn (keine Einbahnstraße) rechts neben der Straßenbahn durch andere Fahrzeuge versperrt ist', 0),
(639, 217, 'Fahrräder', 1),
(640, 217, 'Motorräder', 1),
(641, 217, 'Straßenbahnen', 0),
(642, 218, 'Vor dem Ausscheren zum Überholen oder zum Vorbeifahren', 1),
(643, 218, 'Vor dem Wiedereinordnen nach dem Überholen', 1),
(644, 218, 'Beim Verlassen einer abknickenden Vorfahrtstraße in gerader Richtung', 0),
(645, 219, 'Durch Ausweichen – auf den Seitenstreifen', 1),
(646, 219, 'Durch Ausweichen – auf den Parkstreifen', 1),
(647, 219, 'Durch Ausweichen – in eine Haltebucht', 1),
(648, 220, 'Einen ausreichenden Seitenabstand vor allem zu Personen einhalten', 1),
(649, 220, 'Einen ausreichenden Seitenabstand zu anderen Verkehrsteilnehmern einhalten', 1),
(650, 220, 'Zu mehrspurigen Fahrzeugen größeren Seitenabstand einhalten als zu einspurigen', 0),
(651, 221, 'Am Ausstrecken des Armes des Kutschers', 1),
(652, 221, 'An der ausgestellten Winkerkelle', 1),
(653, 221, 'Am eingeschalteten Blinker', 1),
(654, 222, 'Ich überhole mit möglichst – wenig Lärm', 1),
(655, 222, 'Ich überhole mit möglichst – großem Seitenabstand', 1),
(656, 222, 'Ich überhole mit möglichst – hoher Motordrehzahl', 0),
(657, 223, 'Ich achte auf Handzeichen zum Abbiegen des Kutschers', 1),
(658, 223, 'Ich halte einen ausreichenden Abstand beim Wiedereinscheren ein', 1),
(659, 223, 'Ich halte einen möglichst geringen Seitenabstand ein', 0),
(660, 224, 'Ich muss – innerorts mindestens 1,5 m Seitenabstand einhalten', 1),
(661, 224, 'Ich muss – außerorts mindestens 2,0 m Seitenabstand einhalten', 1),
(662, 224, 'Ich muss – innerorts mindestens 1,0 m Seitenabstand einhalten', 0),
(663, 225, 'Aufgrund der Steigung pendeln die Radfahrer', 1),
(664, 225, 'Ich muss mit mindestens 1,5 m Seitenabstand überholen', 1),
(665, 225, 'Ich muss mit mindestens 1,0 m Seitenabstand überholen', 0),
(666, 226, 'Das Fahrzeug, auf dessen Seite die Baustelle ist', 1),
(667, 226, 'Das Fahrzeug auf der freien Fahrbahnhälfte', 0),
(668, 226, 'Immer das kleinere Fahrzeug', 0),
(1222, 419, 'An Straßenkreuzungen und -einmündungen', 1),
(1223, 419, 'An Grundstücksausfahrten', 0),
(1224, 419, 'Am Ende eines verkehrsberuhigten Bereiches', 0),
(1225, 420, 'An Straßenkreuzungen und -einmündungen', 1),
(1226, 420, 'An Einmündungen mit abgesenktem Bordstein', 0),
(1227, 420, 'Wo Feld- oder Waldwege in eine andere Straße münden', 0),
(1228, 421, 'Warten, beobachten und sich gegebenenfalls mit anderen verständigen', 1),
(1229, 421, 'Nach der Regel „rechts vor links“ fahren', 0),
(1230, 421, 'Als Geradeausfahrer immer durchfahren', 0),
(1231, 422, 'Ich muss den Radfahrer durchfahren lassen', 1),
(1232, 422, 'Ich muss den [Motorradfahrer] durchfahren lassen', 1),
(1233, 422, 'Ich darf vor dem Radfahrer abbiegen', 0),
(1234, 423, 'Ich darf als Erster die Kreuzung überqueren', 1),
(1235, 423, 'Ich muss [den roten Lkw] abbiegen lassen', 0),
(1236, 423, 'Ich muss den [Radfahrer] abbiegen lassen', 0),
(1237, 424, 'Ich muss [den blauen Lkw] durchfahren lassen', 1),
(1238, 424, 'Ich muss [den Traktor] abbiegen lassen', 1),
(1239, 424, '[Der blaue Lkw] muss mich durchfahren lassen', 0),
(1240, 425, 'Ich muss [das Motorrad] durchfahren lassen', 1),
(1241, 425, 'Ich fahre vor [dem Bus]', 1),
(1242, 425, 'Ich muss [den Bus] durchfahren lassen', 0),
(1243, 426, 'Ich muss [das Motorrad] durchfahren lassen', 1),
(1244, 426, 'Ich fahre vor dem [Bus]', 1),
(1245, 426, 'Ich muss [den Bus] durchfahren lassen', 0),
(1246, 427, 'Ich darf – erst nach dem [Motorrad] abbiegen', 1),
(1247, 427, 'Ich darf – vor dem [gelben Pkw] abbiegen', 1),
(1248, 427, 'Ich darf – als Erster abbiegen', 0),
(1249, 428, 'Ich lasse [das gelbe Fahrzeug] durchfahren', 1),
(1250, 428, 'Ich biege vor dem [gelben Fahrzeug] ab', 0),
(1251, 428, 'Ich biege vor dem [roten] Pkw ab', 0),
(1252, 429, 'Ich lasse den [grünen Pkw] durchfahren', 1),
(1253, 429, 'Ich biege vor dem [grünen Pkw] links ab', 0),
(1254, 429, 'Ich muss den [roten Pkw] vorbeilassen', 0),
(1255, 430, 'Ich muss das Motorrad durchfahren lassen', 1),
(1256, 430, 'Ich muss den [blauen Pkw] durchfahren lassen', 1),
(1257, 430, 'Ich darf vor dem [blauen Pkw] fahren', 0),
(1258, 431, 'Ich muss die Straßenbahn durchfahren lassen', 1),
(1259, 431, 'Ich muss das [Motorrad] durchfahren lassen', 1),
(1260, 431, 'Die Straßenbahn muss mich vorher abbiegen lassen', 0),
(1261, 432, 'Ich darf durchfahren', 1),
(1262, 432, 'Ich muss [den blauen Pkw] durchfahren lassen', 0),
(1263, 433, 'Ich lasse [den blauen Pkw] abbiegen', 1),
(1264, 433, 'Ich fahre als Erster', 0),
(1265, 433, 'Ich lasse das Motorrad vor mir abbiegen', 0),
(1266, 434, 'Ich darf als Erster fahren', 1),
(1267, 434, 'Ich muss [den roten Pkw] vorlassen', 0),
(1268, 434, 'Ich muss die Straßenbahn vorlassen', 0),
(1269, 435, 'Ich darf durchfahren', 1),
(1270, 435, 'Ich muss [dem blauen Pkw] Vorfahrt gewähren', 0),
(1271, 435, 'Ich muss [dem grünen Pkw] Vorfahrt gewähren', 0),
(1272, 436, 'Ich muss die Radfahrerin durchfahren lassen', 1),
(1273, 436, 'Ich verzichte auf meine Vorfahrt, um die Kreuzung nicht zu verstopfen', 1),
(1274, 436, 'Ich darf vor der Radfahrerin links abbiegen', 0),
(1275, 437, 'Auf von links und von rechts kommende Fahrzeuge', 1),
(1276, 437, 'Auf Radfahrer und Fußgänger, die rechts neben oder noch hinter Ihnen sind', 1),
(1277, 437, 'Nur auf die von links kommenden Fahrzeuge', 0),
(1278, 438, 'Ich fahre – nach dem [blauen Lkw]', 1),
(1279, 438, 'Ich fahre – nach dem [gelben Pkw]', 1),
(1280, 438, 'Ich fahre – vor dem [gelben Pkw]', 0),
(1281, 439, 'Ich fahre – vor [den beiden Pkws]', 1),
(1282, 439, 'Ich fahre – nach [den beiden Pkws]', 0),
(1283, 439, 'Ich fahre – nach [dem blauen Pkw]', 0),
(1284, 440, 'Ich muss [den roten Pkw] durchfahren lassen', 1),
(1285, 440, 'Ich darf vor [dem blauen Lkw] fahren', 1),
(1286, 440, 'Ich darf erst nach [dem blauen Lkw] fahren', 0),
(1287, 441, 'Ich muss [das Motorrad] zuerst fahren lassen', 1),
(1288, 441, '[Das Motorrad] muss warten', 0),
(1289, 441, 'Ich muss links blinken', 0),
(1290, 442, 'Ich', 1),
(1291, 442, '[Der rote Pkw]', 0),
(1292, 442, '[Der grüne Traktor]', 0),
(1293, 443, 'Ich muss blinken', 1),
(1294, 443, 'Der [gelbe] Pkw muss warten', 1),
(1295, 443, 'Ich muss warten', 0),
(1296, 444, 'Ich muss warten', 1),
(1297, 444, '[Das Motorrad] muss warten', 0),
(1298, 445, 'Ich muss warten', 1),
(1299, 445, 'Das blaue Fahrzeug muss warten', 0),
(1300, 446, 'Ich muss warten', 1),
(1301, 446, 'Der Radfahrer muss warten', 0),
(1302, 447, 'Ich muss den Radfahrer abbiegen lassen', 1),
(1303, 447, 'Ich muss [den blauen Pkw] durchfahren lassen', 1),
(1304, 447, '[Der blaue Pkw] muss mich abbiegen lassen', 0),
(1305, 448, 'Ich muss den Radfahrer durchfahren lassen', 1),
(1306, 448, 'Ich darf vor dem Radfahrer abbiegen', 0),
(1307, 448, 'Der blaue Lkw darf zuerst fahren', 0),
(1308, 449, 'Ich muss – [den Radfahrer] durchfahren lassen', 1),
(1309, 449, 'Ich muss – den [Bus] durchfahren lassen', 1),
(1310, 449, 'Ich muss – an der Haltlinie anhalten', 1),
(1311, 450, 'Ich muss [die Radfahrerin] durchfahren lassen', 1),
(1312, 450, 'Ich darf vor dem [Motorrad] fahren', 1),
(1313, 450, '[Die Radfahrerin] muss mich vorbeilassen', 0),
(1314, 451, 'Ich taste mich vorsichtig in die Kreuzung hinein', 1),
(1315, 451, 'Ich überquere die Kreuzung zügig', 0),
(1316, 451, 'Ich warne den kreuzenden Verkehr durch Hupen', 0),
(1317, 452, 'Ich muss [das blaue Fahrzeug] vorbeilassen', 1),
(1318, 452, 'Ich darf vor [dem grünen Fahrzeug] abbiegen', 1),
(1319, 452, 'Ich muss [das grüne Fahrzeug] durchfahren lassen', 0),
(1320, 453, 'Ich muss die Straßenbahn durchfahren lassen', 1),
(1321, 453, 'Ich muss den Traktor durchfahren lassen', 0),
(1322, 453, 'Ich darf nicht auf den Gleisen warten', 0),
(1323, 454, 'Ich muss warten', 1),
(1324, 454, '[Der grüne Pkw] muss warten', 0),
(1325, 455, 'Ich muss warten', 1),
(1326, 455, '[Der gelbe Pkw] muss warten', 0),
(1327, 456, 'Ich muss warten', 1),
(1328, 456, 'Ich darf die Kreuzung vor [dem Motorrad] überqueren', 0),
(1329, 457, 'Ich muss dem [roten Pkw] Vorfahrt gewähren', 1),
(1330, 457, 'Ich habe Vorfahrt vor dem [blauen Pkw]', 1),
(1331, 457, 'Ich muss dem [blauen Pkw] Vorfahrt gewähren', 0),
(1332, 458, 'Ich fahre zuerst', 1),
(1333, 458, 'Ich muss [den gelben Pkw] durchfahren lassen', 0),
(1334, 459, '[Der Radfahrer], ich, [der gelbe Pkw]', 1),
(1335, 459, '[Der Radfahrer], [der gelbe Pkw], ich', 0),
(1336, 459, 'Ich, [der Radfahrer], [der gelbe Pkw]', 0),
(1343, 462, 'Geschwindigkeit vermindern', 1),
(1344, 462, 'Bremsbereit sein', 1),
(1345, 462, 'Nur den von rechts kommenden Verkehr beobachten', 0),
(1346, 463, 'Dem Gegenverkehr Vorrang einräumen', 1),
(1347, 463, 'Bei zwei Fahrstreifen für eine Richtung das Reißverschlussverfahren anwenden', 1),
(1348, 463, 'Wenn Sie bei zwei Fahrstreifen für eine Richtung auf dem linken fahren, haben Sie absoluten Vorrang', 0),
(1349, 464, 'Mit Gegenverkehr', 1),
(1350, 464, 'Mit Blendung durch den Gegenverkehr bei Nacht', 1),
(1351, 464, 'Mit Vorrang des Gegenverkehrs', 0),
(1352, 465, 'Höchste Aufmerksamkeit', 1),
(1353, 465, 'Bremsbereitschaft', 1),
(1354, 465, 'Geschwindigkeit vermindern', 1),
(1355, 466, 'Auf eine Gefahrstelle im Zusammenhang mit Gespannfuhrwerken', 1),
(1356, 466, 'Auf den Vorrang von Gespannfuhrwerken vor Kraftfahrzeugen', 0),
(1357, 466, 'Auf ein Durchfahrtsverbot für Gespannfuhrwerke', 0),
(1358, 467, 'Mit einem Fußgängerüberweg, der schwer zu erkennen ist', 1),
(1359, 467, 'Mit Fußgängern, die möglicherweise die Fahrbahn überqueren', 1),
(1360, 467, 'Mit Fußgängern, die die Fahrbahn nur von rechts überqueren dürfen', 0),
(1361, 468, 'Ich muss – mit mäßiger Geschwindigkeit an den Fußgängerüberweg heranfahren', 1),
(1362, 468, 'Ich muss – besonders aufmerksam sein', 1),
(1363, 468, 'Ich muss – bremsbereit sein', 1),
(1364, 469, 'Zwischen 150 m und 250 m', 1),
(1365, 469, 'Zwischen 50 m und 150 m', 0),
(1366, 469, 'Zwischen 250 m und 350 m', 0),
(1367, 470, 'Darauf, dass – auf der Fahrbahn Wintersport betrieben wird', 1),
(1368, 470, 'Darauf, dass – auf der Fahrbahn Schnee- oder Eisglätte herrscht', 1),
(1369, 470, 'Darauf, dass – Wintersport nur auf den Gehwegen stattfindet', 0),
(1370, 471, 'Geschwindigkeit vermindern', 1),
(1371, 471, 'Möglichst weit rechts fahren', 1),
(1372, 471, 'Gleich nach der Rechtskurve kräftig beschleunigen', 0),
(1373, 472, 'Ein Gefälle von 800 m Länge', 1),
(1374, 472, 'Eine Steigung in 800 m Entfernung', 0),
(1375, 472, 'Ein Gefälle in 800 m Entfernung', 0),
(1376, 473, 'Geschwindigkeit verringern', 1),
(1377, 473, 'Geschwindigkeit erhöhen', 0),
(1378, 473, 'Durch schnelle Lenkbewegungen den Unebenheiten ausweichen', 0),
(1379, 474, 'Das Fahrzeug könnte schleudern und den Gegenverkehr gefährden', 1),
(1380, 474, 'Das Fahrzeug könnte einen Achs- oder Federbruch erleiden', 1),
(1381, 474, 'Die Ladung könnte beschädigt werden', 1),
(1382, 475, 'Vor Schleudergefahr bei verschmutzter Fahrbahn', 1),
(1383, 475, 'Vor Schleudergefahr bei nasser Fahrbahn', 1),
(1384, 475, 'Vor alkoholisierten Autofahrern', 0),
(1385, 476, 'Geschwindigkeit verringern', 1),
(1386, 476, 'Nicht mehr überholen', 1),
(1387, 476, 'Vor Erreichen der Verengung immer anhalten', 0),
(1388, 477, 'Mit einer verengten Fahrbahn in etwa 50 m Entfernung', 1),
(1389, 477, 'Mit einer verengten Fahrbahn von 50 m Länge', 0),
(1390, 477, 'Mit einer Ausweichstelle in 50 m Entfernung', 0),
(1391, 478, 'Mit Verkehr von Baustellenfahrzeugen', 1),
(1392, 478, 'Mit Arbeitern auf der Fahrbahn', 1),
(1393, 478, 'Mit Baumaterial auf der Fahrbahn', 1),
(1394, 479, 'Mit einem Stau', 1),
(1395, 479, 'Mit plötzlichem Bremsen der Vorausfahrenden', 1),
(1396, 479, 'Mit Erweiterung der Fahrbahn auf drei Fahrstreifen', 0),
(1397, 480, 'Auf eine Ampel', 1),
(1398, 480, 'Auf eine Zollstelle', 0),
(1399, 480, 'Auf einen Bahnübergang mit rotem Blinklicht', 0),
(1400, 481, 'Auf einen Bahnübergang in der nach rechts führenden Straße', 1),
(1401, 481, 'Auf die Richtung, aus der ein Zug kommen kann', 0),
(1402, 481, 'Auf eine Umleitung, die den Bahnübergang umgeht', 0),
(1403, 482, 'Auf einen Bahnübergang in etwa 160 m Entfernung', 1),
(1404, 482, 'Auf einen Bahnübergang in etwa 80 m Entfernung', 0),
(1405, 482, 'Auf einen Bahnübergang in etwa 240 m Entfernung', 0),
(1406, 483, 'Auf einen Bahnübergang in etwa 80 m Entfernung', 1),
(1407, 483, 'Auf einen Bahnübergang in etwa 160 m Entfernung', 0),
(1408, 483, 'Auf einen Bahnübergang in etwa 240 m Entfernung', 0),
(1409, 484, 'Auf einen Bahnübergang – in etwa 240 m Entfernung', 1),
(1410, 484, 'Auf einen Bahnübergang – in etwa 80 m Entfernung', 0),
(1411, 484, 'Auf einen Bahnübergang – in etwa 160 m Entfernung', 0),
(1412, 485, 'Einen Bahnübergang in 240 m Entfernung', 1),
(1413, 485, 'Kraftfahrzeuge dürfen nicht überholt werden', 1),
(1414, 485, 'Einen Bahnübergang in 120 m Entfernung', 0),
(1415, 486, 'Eine Arbeitsstelle, die in etwa 100 m Entfernung beginnt', 1),
(1416, 486, 'Eine Arbeitsstelle, die nach etwa 100 m endet', 0),
(1417, 486, 'Eine Arbeitsstelle, die eine Länge von etwa 100 m hat', 0),
(1418, 487, 'Auf einen Bahnübergang', 1),
(1419, 487, 'Auf eine Bahnunterführung', 0),
(1420, 487, 'Auf einen Bahnhof', 0),
(1421, 488, 'Es folgt eine scharfe Rechtskurve', 1),
(1422, 488, 'Entgegenkommende Fahrzeuge könnten die Kurve schneiden', 1),
(1423, 488, 'Fahrzeuge vor mir könnten stark bremsen', 1),
(1424, 489, 'Mit Radfahrern, welche die Fahrbahn kreuzen', 1),
(1425, 489, 'Mit einer Unterführung für Radfahrer', 0),
(1426, 489, 'Mit einem Verkehrsverbot für Radfahrer', 0),
(1427, 490, 'Auf eine Gefahrstelle im Zusammenhang mit Pferden', 1),
(1428, 490, 'Auf den Vorrang von Reitern vor Kraftfahrzeugen', 0),
(1429, 490, 'Auf ein Durchfahrtsverbot wegen eines Reitweges', 0),
(1430, 491, 'Auf Eisglätte', 1),
(1431, 491, 'Auf Schneeglätte', 1),
(1432, 491, 'Auf Lawinen', 0),
(1433, 492, 'Mit stark verschmutzter Fahrbahn', 1),
(1434, 492, 'Mit Weidetieren auf der Fahrbahn', 1),
(1435, 492, 'Mit Wildwechsel', 0),
(1436, 493, 'Ich sollte – starkes Beschleunigen vermeiden', 1),
(1437, 493, 'Ich sollte – plötzliche Lenkbewegungen vermeiden', 1),
(1438, 493, 'Ich sollte – einen möglichst großen Abstand zum vorausfahrenden Fahrzeug einhalten', 1),
(1439, 494, 'Auf eine bewegliche Brücke', 1),
(1440, 494, 'Auf eine Fähre', 0),
(1441, 494, 'Auf Kanalarbeiten', 0),
(1442, 495, 'Die Straße führt auf ein Ufer zu', 1),
(1443, 495, 'Wasserflächen sind bei Dunkelheit oder schlechter Sicht schwer von der Fahrbahn zu unterscheiden', 1),
(1444, 495, 'Die Ein- und Ausfahrstelle für schwimmfähige Fahrzeuge ist frei zu halten', 0),
(1445, 496, 'Halten und Parken ist zu vermeiden', 1),
(1446, 496, 'Steine könnten auf der Fahrbahn liegen', 1),
(1447, 496, 'Vorausfahrende Fahrzeuge könnten plötzlich abbremsen', 1),
(1448, 497, 'Mit plötzlich auftretendem Fluglärm', 1),
(1449, 497, 'Mit der Ablenkung anderer Verkehrsteilnehmer', 1),
(1450, 497, 'Mit plötzlich bremsenden Fahrzeugen', 1),
(1451, 498, 'Der Bremsweg verlängert sich', 1),
(1452, 498, 'Bei längerer Betätigung der Bremse kann die Bremswirkung nachlassen', 1),
(1453, 498, 'Die Bremswirkung wird besser, wenn kein Gang eingelegt ist', 0),
(1454, 499, 'Ich schalte gegebenenfalls in einen niedrigeren Gang', 1),
(1455, 499, 'Ich schalte stets in einen höheren Gang', 0),
(1456, 499, 'Ich befahre vorsichtig dieses Gefälle', 0),
(1457, 500, 'Wenn ein Bahnbediensteter eine weiß-rot-weiße Fahne schwenkt', 1),
(1458, 500, 'Wenn Sie den Übergang nicht überqueren können, ohne auf ihm anhalten zu müssen', 1),
(1459, 500, 'Wenn sich ein Schienenfahrzeug nähert', 1),
(1460, 501, 'Sie müssen die Fahrtrichtungsänderung nach rechts anzeigen', 1),
(1461, 501, 'Sie dürfen nur nach rechts weiterfahren', 1),
(1462, 501, 'Sie dürfen nicht nach rechts abbiegen', 0),
(1463, 502, 'Sie müssen die Fahrtrichtungsänderung nach links anzeigen', 1),
(1464, 502, 'Sie dürfen nur nach links weiterfahren', 1),
(1465, 502, 'Sie dürfen nicht nach links weiterfahren', 0),
(1764, 603, 'Der Kraftstoffverbrauch nimmt zu', 1),
(1765, 603, 'Der Reifenabrieb nimmt zu', 1),
(1766, 603, 'Der Schadstoffausstoß nimmt ab', 0),
(1767, 604, 'Wenn Sie in einem Verkehrsstau länger warten müssen', 1),
(1768, 604, 'Wenn Sie vor Bahnübergängen oder Baustellen warten müssen', 1),
(1769, 604, 'Wenn Sie bei einem „STOP“-Schild anhalten', 0),
(1770, 605, 'Bis zu 600 Liter', 1),
(1771, 605, 'Bis zu 50 Liter', 0),
(1772, 605, 'Bis zu 1 Liter', 0),
(1773, 606, 'Keine Kraftstoffdämpfe einatmen', 1),
(1774, 606, 'Nicht nachtanken, wenn der Tank voll ist und die Zapfpistole abgeschaltet hat', 1),
(1775, 606, 'Möglichst randvoll tanken', 0),
(1776, 607, 'Die Lärmbelästigung nimmt zu', 1),
(1777, 607, 'Der Schadstoffausstoß wird größer', 1),
(1778, 607, 'Der Kraftstoffverbrauch sinkt erheblich', 0),
(1779, 608, 'Auf Wertstoffhöfen', 1),
(1780, 608, 'In Kfz-Werkstätten', 1),
(1781, 608, 'Im Hausmüll', 0),
(1782, 609, 'Die Verwendung von – Leichtlaufreifen', 1),
(1783, 609, 'Die Verwendung von – Leichtlaufölen', 1),
(1784, 609, 'Die Verwendung von – Klimaanlagen', 0),
(1785, 610, 'Den Kraftstoffverbrauch gering zu halten', 1),
(1786, 610, 'Die Emissionswerte gering zu halten', 1),
(1787, 610, 'Die Verkehrssicherheit zu gewährleisten', 1),
(1788, 611, 'Rechtzeitig Gas wegnehmen und Schwung ausnutzen, wenn die nächste Ampel „Rot“ zeigt', 1),
(1789, 611, 'Unnötiges Beschleunigen und unnötiges Abbremsen vermeiden', 1),
(1790, 611, 'Bei „Grün“ immer voll beschleunigen', 0),
(1791, 612, 'Schon beim Kauf eines Kraftfahrzeugs auf den Kraftstoffverbrauch achten', 1),
(1792, 612, 'Durch vorausschauende Fahrweise zu einem gleichmäßigen Verkehrsfluss beitragen', 1),
(1793, 612, 'Nach Möglichkeit öffentliche Verkehrsmittel benutzen, mit dem Fahrrad fahren oder zu Fuß gehen', 1),
(1794, 613, 'Ich vermeide – Kurzstreckenfahrten', 1),
(1795, 613, 'Ich vermeide – Fahrten mit Vollgas', 1),
(1796, 613, 'Ich vermeide – Fahrten in überfüllte Innenstädte', 1),
(1797, 614, 'Weil diese Öle – weniger Reibung im Motor erzeugen', 1),
(1798, 614, 'Weil diese Öle – den Kraftstoffverbrauch verringern', 1),
(1799, 614, 'Weil diese Öle – im Hausmüll entsorgt werden können', 0),
(1800, 615, 'Indem ich – entbehrliche Dachaufbauten entferne', 1),
(1801, 615, 'Indem ich – vorausschauend fahre', 1),
(1802, 615, 'Indem ich – ganzjährig mit Winterreifen fahre', 0),
(1803, 616, 'Ich verzichte möglichst auf starkes Beschleunigen', 1),
(1804, 616, 'Ich kontrolliere regelmäßig den Reifenfülldruck', 1),
(1805, 616, 'Ich verwende ganzjährig Winterreifen', 0),
(1806, 617, 'Land- und forstwirtschaftliche Zugmaschinen', 1),
(1807, 617, 'Krankenwagen im Einsatz', 1),
(1808, 617, 'Alle Kraftfahrzeuge der Umweltzonenbewohner', 0),
(1809, 618, 'Bei längerem Warten an Bahnübergängen', 1),
(1810, 618, 'Beim Be- und Entladen des Fahrzeugs', 1),
(1811, 618, 'Beim Halten an Kreuzungen mit Stoppschild', 0),
(1812, 619, 'Mein Fahrzeug – verbraucht mehr Kraftstoff', 1),
(1813, 619, 'Mein Fahrzeug – verursacht mehr Abgase', 1),
(1814, 619, 'Mein Fahrzeug – verursacht mehr Belästigungen für andere', 1),
(1815, 620, 'Regelmäßige Kontrolle des Reifenfülldrucks', 1),
(1816, 620, 'Regelmäßige Fahrzeugwartung', 1),
(1817, 620, 'Regelmäßige Motorwäsche', 0),
(1818, 621, 'Starkes Beschleunigen', 1),
(1819, 621, 'Fahren mit hoher Motordrehzahl', 1),
(1820, 621, 'Fahren in hohem Gang', 0),
(1821, 622, 'Durch frühes Schalten in nächsthöhere Gänge', 1),
(1822, 622, 'Durch vorausschauendes Fahren, um häufige Geschwindigkeitswechsel zu vermeiden', 1),
(1823, 622, 'Durch Fahren mit hoher Motordrehzahl', 0),
(1824, 623, 'Durch das Fahren mit niedriger Motordrehzahl', 1),
(1825, 623, 'Durch die Verwendung von Reifen mit geringem Rollgeräusch', 1),
(1826, 623, 'Durch das Entfernen des Luftfiltereinsatzes', 0),
(1827, 624, 'Ich sollte – bei übermäßiger Rauchentwicklung aus der Auspuffanlage das Kraftfahrzeug überprüfen lassen', 1),
(1828, 624, 'Ich sollte – bei längerem Warten den Motor abstellen', 1),
(1829, 624, 'Ich sollte – auf unnützes Hin- und Herfahren verzichten', 1),
(1830, 625, 'Durch unnötig starkes Beschleunigen', 1),
(1831, 625, 'Durch schadhafte Schalldämpfer', 1),
(1832, 625, 'Durch schnelles Fahren in niedrigen Gängen', 1),
(1833, 626, 'So früh wie möglich hochschalten', 1),
(1834, 626, 'So spät wie möglich zurückschalten', 1),
(1835, 626, 'Gänge bis in den oberen Drehzahlbereich ausfahren und dann schalten', 0),
(1836, 627, 'Eine ungleichmäßige Fahrweise', 1),
(1837, 627, 'Ein häufiges Gasgeben beim Warten an der Ampel', 1),
(1838, 627, 'Ein Fahren bergab in hohem Gang', 0),
(1839, 628, 'Durch den richtigen Reifenfülldruck', 1),
(1840, 628, 'Durch eine gleichmäßige Fahrweise mit niedriger Motordrehzahl', 1),
(1841, 628, 'Durch ein spätes Hochschalten beim Beschleunigen', 0),
(1842, 629, 'Ich sollte möglichst – unverzüglich losfahren', 1),
(1843, 629, 'Ich sollte möglichst – mit niedriger Motordrehzahl fahren', 1),
(1844, 629, 'Ich sollte möglichst – den Motor im Stand warmlaufen lassen', 0),
(1845, 630, 'Durch den Kurvenradius', 1),
(1846, 630, 'Durch die Geschwindigkeit', 1),
(1847, 630, 'Durch den Fahrtwind', 0),
(1848, 631, 'Ich fahre die Bremse vorsichtig trocken', 1),
(1849, 631, 'Ich betätige die Bremse mehrfach im Stand', 0),
(1850, 631, 'Ich fülle Bremsflüssigkeit nach', 0),
(1854, 633, 'Defekte Stoßdämpfer', 1),
(1855, 633, 'Zu niedriger oder stark unterschiedlicher Reifendruck', 1),
(1856, 633, 'Zu geringe Beladung', 0),
(1857, 634, 'Durch Kurvenschneiden', 1),
(1858, 634, 'Durch zu spätes Abblenden', 1),
(1859, 634, 'Durch zu großen Abstand nach vorn', 0),
(1860, 635, 'Durch Fahrten mit offenem Visier', 1),
(1861, 635, 'Durch Fahrten bei Starkregen', 1),
(1862, 635, 'Durch Wechsel im Fahrbahnbelag', 1),
(1866, 637, 'In der Nähe solcher Fahrzeuge verlieren Blinde die Orientierung', 1),
(1867, 637, 'Die Aufmerksamkeit des Fahrers wird erheblich beeinträchtigt', 1),
(1868, 637, 'Blinde erkennen dadurch leichter den Verlauf der Fahrbahn', 0),
(1869, 638, 'Durch eine stark einseitig wirkende Betriebsbremse', 1),
(1870, 638, 'Durch ein zu großes Spiel in der Lenkung', 1),
(1871, 638, 'Durch ein nicht funktionierendes Abblendlicht', 1),
(1872, 639, 'Bei einer Geschwindigkeit von 50 km/h', 1),
(1873, 639, 'Bei einer Geschwindigkeit von 30 km/h', 0),
(1874, 639, 'Bei einer Geschwindigkeit von 20 km/h', 0),
(1878, 641, 'Vor Ihnen Fahrende können plötzlich zum Überholen ausscheren', 1),
(1879, 641, 'Schon unerwartet auftretender leichter Seitenwind kann die Fahrstabilität beeinträchtigen', 1),
(1880, 641, 'Vor Ihnen Fahrende werden nicht zum Überholen ausscheren, wenn Sie mit Fernlicht fahren', 0),
(1881, 642, 'Auf eine gefährliche Schmierschicht auf der Fahrbahn', 1),
(1882, 642, 'Auf schlechte Sicht durch Helmvisier oder Schutzbrille', 1),
(1883, 642, 'Auf einen kürzeren Bremsweg', 0),
(1884, 643, 'Ihr Oberkörper kann infolge der Schräglage vom Gegenverkehr erfasst werden', 1),
(1885, 643, 'Das Motorrad kann auf die Markierung geraten und wegrutschen', 1),
(1886, 643, 'Wenn die Reifen neuwertig sind, entsteht kein Risiko', 0),
(1887, 644, 'Erhöhte Blockierneigung beim Bremsen', 1),
(1888, 644, 'Erhöhte Sturzgefahr', 1),
(1889, 644, 'Durchdrehen und Wegrutschen des Hinterrades beim Beschleunigen', 1),
(1890, 645, 'Die Sicht durch die Brille oder das Visier des Schutzhelms wird erheblich schlechter', 1),
(1891, 645, 'Straßenschäden sind bei regennasser Fahrbahn schlechter erkennbar', 1),
(1892, 645, 'Durch Spritzwasser anderer Fahrzeuge wird die Sicht zusätzlich beeinträchtigt', 1),
(1893, 646, 'Straßenbahnschienen immer in möglichst großem Winkel überfahren', 1),
(1894, 646, 'Auf Straßenbahnschienen besteht immer erhöhte Sturzgefahr', 1),
(1895, 646, 'Straßenbahnschienen immer in möglichst spitzem Winkel überfahren', 0),
(1896, 647, 'Durch Öl auf der Fahrbahn', 1),
(1897, 647, 'Durch Fahrbahnmarkierungen', 1),
(1898, 647, 'Durch Überhöhung der Kurve an der Außenseite', 0),
(1899, 648, 'Durch Schachtdeckel in der Fahrbahn', 1),
(1900, 648, 'Durch Laub auf der Fahrbahn', 1),
(1901, 648, 'Durch Sand auf der Fahrbahn', 1),
(1902, 649, 'Bei Kopfsteinpflaster', 1),
(1903, 649, 'Bei einsetzendem Regen', 1),
(1904, 649, 'Bei griffiger Betonfahrbahn', 0),
(1905, 650, 'Hohe Geschwindigkeit', 1),
(1906, 650, 'Abgefahrene Reifen', 1),
(1907, 650, 'Spurrillen in der Fahrbahn', 1),
(1908, 651, 'Weil auf dem Überholstreifen noch Schneematsch liegt', 1),
(1909, 651, 'Weil hochgeschleuderter Schneematsch die Sicht behindern kann', 1),
(1910, 651, 'Weil die Straße unter dem Schneematsch zusätzlich noch vereist sein kann', 1),
(1911, 652, 'Gegenlenken', 1),
(1912, 652, 'Geschwindigkeit herabsetzen', 1),
(1913, 652, 'Stark beschleunigen', 0),
(1914, 653, 'Beim Überholen von Lastzügen', 1),
(1915, 653, 'Beim Befahren von Brücken', 1),
(1916, 653, 'Beim Vorbeifahren an Waldschneisen', 1),
(1917, 654, 'Ihr Fahrzeug kann durch den starken Seitenwind nach links gedrückt werden', 1),
(1918, 654, 'Wenn Sie überholen, zieht Ihr Fahrzeug beim Einfahren in den Windschatten des Lkws nach rechts', 1),
(1919, 654, 'Das vor Ihnen fahrende Fahrzeug kann nach rechts gedrückt werden', 0),
(1920, 655, 'Beim Einfahren in den Windschatten des Lkws', 1),
(1921, 655, 'Beim Herausfahren aus dem Windschatten des Lkws', 1),
(1922, 655, 'Beim Fahrstreifenwechsel nach dem Überholen', 0),
(1923, 656, 'Weil der Bremsweg länger wird', 1),
(1924, 656, 'Weil die Sicht schlechter wird', 1),
(1925, 656, 'Weil Aquaplaning (Wasserglätte) auftreten kann', 1),
(1926, 657, 'Die schlechte Sicht', 1),
(1927, 657, 'Die verminderte Bodenhaftung der Reifen auf der nassen Fahrbahn', 1),
(1928, 657, 'Das Abblendlicht des Gegenverkehrs', 0),
(1929, 658, 'Zu Schleuder- und Rutschgefahr', 1),
(1930, 658, 'Zu veränderten Reifengeräuschen', 1),
(1931, 658, 'Zu längerem Reaktionsweg', 0),
(1932, 659, 'Kurven sind oft besonders eng und unübersichtlich', 1),
(1933, 659, 'Geringe Breite der Fahrbahn und ihre oft gewölbte Form zwingen bei Gegenverkehr zu besonderer Vorsicht', 1),
(1934, 659, 'Die Bäume verschaffen seitlichen Schutz', 0),
(1943, 663, 'Durch die Verschmutzung der Fahrbahn kann – sich der Bremsweg verlängern', 1),
(1944, 663, 'Durch die Verschmutzung der Fahrbahn kann – die Fahrstabilität beeinträchtigt werden', 1),
(1945, 663, 'Durch die Verschmutzung der Fahrbahn kann – sich der Bremsweg verkürzen', 0),
(1946, 664, 'Ich verringere vorsichtig meine Geschwindigkeit', 1),
(1947, 664, 'Ich behalte möglichst die Fahrlinie bei', 1),
(1948, 664, 'Ich bremse stark mit der Handbremse', 0),
(1952, 666, 'Eine eingeschränkte Lenkfähigkeit des Fahrzeugs', 1),
(1953, 666, 'Eine verringerte Bremsfähigkeit des Fahrzeugs', 1),
(1954, 666, 'Eine vergrößerte Haftreibung der Reifen', 0),
(1955, 667, 'Wenn ich – einen Lkw überhole', 1),
(1956, 667, 'Wenn ich – eine Tunneldurchfahrt verlasse', 1),
(1957, 667, 'Wenn ich – eine Brücke überfahre', 1),
(1958, 668, 'In Fahrbahnsenken', 1),
(1959, 668, 'Bei Spurrillen in der Fahrbahn', 1),
(1960, 668, 'An Bahnübergängen', 0),
(1961, 669, 'Auf eine gefährliche Schmierschicht auf der Fahrbahn', 1),
(1962, 669, 'Auf schlechtere Sicht gleich nach Einschalten der Scheibenwischer', 1),
(1963, 669, 'Auf einen kürzeren Bremsweg', 0),
(1964, 670, 'Weil sich ein Schmierfilm bilden kann, der den Bremsweg verlängert', 1),
(1965, 670, 'Weil die Sicht schlechter werden kann und die Scheibenwischer nicht sofort ein klares Sichtfeld schaffen', 1),
(1966, 670, 'Weil die Bremsen schneller ansprechen', 0),
(1967, 671, 'Nein, weil der Gegenverkehr gefährdet werden kann', 1),
(1968, 671, 'Ja, wenn Nebelscheinwerfer und Nebelschlussleuchte eingeschaltet sind', 0),
(1969, 671, 'Ja, weil man weniger in Gefahr gerät, von der Fahrbahn abzukommen', 0),
(1970, 672, 'Geschwindigkeit sofort den Sichtverhältnissen anpassen', 1),
(1971, 672, 'Abblendlicht einschalten', 1),
(1972, 672, 'Nur Standlicht einschalten', 0),
(1973, 673, 'Bei Nebel den Scheibenwischer von Zeit zu Zeit einschalten', 1),
(1974, 673, 'Bei Schneematsch die Scheibenwischer schon einschalten, bevor Ihnen andere Fahrzeuge Matsch auf die Scheibe schleudern', 1),
(1975, 673, 'Bei innen beschlagener Scheibe Lüftung ausschalten und Fenster geschlossen halten', 0),
(2423, 825, 'In Ihrem Fahrstreifen – zur Fahrbahnmitte hin', 1),
(2424, 825, 'In Ihrem Fahrstreifen – am rechten Fahrbahnrand', 0),
(2425, 826, 'Ja, wenn das Mofa vorsichtig geschoben wird', 1),
(2426, 826, 'Ja, wenn das Mofa wie ein Fahrrad benutzt wird', 0),
(2427, 826, 'Ja, auch mit Motor, wenn auf der Fahrbahn zu dichter Verkehr herrscht', 0),
(2428, 827, 'Ja, wenn dafür auf der Fahrbahn ausreichend Platz ist', 1),
(2429, 827, 'Ja, wenn Sie dazu auf den Gehweg ausweichen', 0),
(2430, 827, 'Nein, Sie müssen immer hinter dem letzten Pkw warten', 0),
(2431, 828, 'Den mittleren', 1),
(2432, 828, 'Den linken', 0),
(2433, 829, 'Ich könnte – vom Fahrer des Lkws übersehen werden', 1),
(2434, 829, 'Ich könnte – von anderen Verkehrsteilnehmern übersehen werden', 1),
(2435, 829, 'Ich könnte – andere Verkehrsteilnehmer übersehen', 1),
(2436, 830, 'Ich darf – nach links abbiegen', 1),
(2437, 830, 'Ich darf – nach rechts abbiegen', 1),
(2438, 830, 'Ich darf – geradeaus weiterfahren', 0),
(2442, 832, 'Radwege außerorts', 1),
(2443, 832, 'Radwege innerorts, wenn ein Zusatzzeichen dies erlaubt', 1),
(2444, 832, 'Radwege innerorts, wenn auf der Straße zu viel Verkehr ist', 0),
(2445, 833, 'Für Kraftfahrzeuge mit einer zulässigen Gesamtmasse von mindestens 7,5 t', 1),
(2446, 833, 'Für Fahrzeugkombinationen mit einer zulässigen Gesamtmasse von mindestens 7,5 t', 1),
(2447, 833, 'Für Fahrzeugkombinationen mit einer zulässigen Gesamtmasse unter 7,5 t', 0),
(2448, 834, 'Ich muss möglichst auf dem Seitenstreifen fahren', 1),
(2449, 834, 'Ich darf den Seitenstreifen nur zum Halten benutzen', 0),
(2450, 834, 'Ich darf den Seitenstreifen nur kurz befahren, um Fahrzeugen das Überholen zu erleichtern', 0),
(2451, 835, 'Ich könnte – übersehen werden', 1),
(2452, 835, 'Ich könnte – andere Verkehrsteilnehmer übersehen', 1),
(2453, 835, 'Ich könnte – mich an den heißen Abgasen des Lkws verbrennen', 0),
(2454, 836, 'Langsam fahren, Füße auf den Fußrasten lassen', 1),
(2455, 836, 'Vorher nicht bremsen, Beine hochnehmen und durchfahren', 0),
(2456, 836, 'Auf den Gehweg ausweichen', 0),
(2457, 837, '50 km/h', 1),
(2458, 837, '70 km/h', 0),
(2459, 837, '90 km/h', 0),
(2460, 838, '({Geschwindigkeit in km/h}/{10} x {Geschwindigkeit in km/h}/{10}) : 2', 1),
(2461, 838, '({Geschwindigkeit in km/h}/{10} x 5) : 2', 0),
(2462, 838, '({Geschwindigkeit in km/h}/{10} x 3) : 2', 0),
(2463, 839, '12,5 m', 1),
(2464, 839, '11,0 m', 0),
(2465, 839, '9,5 m', 0),
(2466, 840, 'Innerhalb der – von mir übersehbaren Strecke', 1),
(2467, 840, 'Innerhalb der – halben von mir übersehbaren Strecke', 0),
(2468, 840, 'Innerhalb der – doppelten von mir übersehbaren Strecke', 0),
(2469, 841, 'Innerhalb der Reichweite des – Abblendlichts', 1),
(2470, 841, 'Innerhalb der Reichweite des – Fernlichts', 0),
(2471, 841, 'Innerhalb der Reichweite des – Standlichts', 0),
(2472, 842, 'Für alle – Pkws', 1),
(2473, 842, 'Für alle – Motorräder', 1),
(2474, 842, 'Für alle – Lkws mit einer zulässigen Gesamtmasse über 3,5 t', 0),
(2475, 843, 'Auf Autobahnen', 1),
(2476, 843, 'Auf Kraftfahrstraßen außerhalb geschlossener Ortschaften mit baulich getrennten Fahrbahnen für jede Richtung', 1),
(2477, 843, 'Auf Kraftfahrstraßen außerhalb geschlossener Ortschaften mit mindestens zwei markierten Fahrstreifen für jede Richtung', 1),
(3368, 1185, 'Aufmerksamkeit erhöhen, vorsorglich Abstand vergrößern', 1),
(3369, 1185, 'Bei Stau abbremsen und Warnblinklicht einschalten', 1),
(3370, 1185, 'Bei Stau auf den Seitenstreifen wechseln und dort weiterfahren', 0),
(3371, 1186, 'Geschwindigkeit vor der Kurve vermindern', 1),
(3372, 1186, 'Möglichst weit rechts fahren', 1),
(3373, 1186, 'Vor der Kurve links blinken', 0),
(3374, 1187, 'Langsamer fahren, auf Wild achten', 1),
(3375, 1187, 'Abblenden und bremsen, wenn Wild in Sicht kommt', 1),
(3376, 1187, 'Nicht vor Wild ausweichen, wenn der Gegenverkehr gefährdet würde', 1),
(3377, 1188, 'Auf Seitenwind', 1),
(3378, 1188, 'Auf Gegenlenken', 1),
(3379, 1188, 'Auf Flugbetrieb', 0),
(3380, 1189, 'Auf verändertes Fahrverhalten des Fahrzeugs', 1),
(3381, 1189, 'Auf notwendiges Gegenlenken', 1),
(3382, 1189, 'Auf notwendige Geschwindigkeitsanpassung', 1),
(3383, 1190, 'Mit vorausfahrenden Fahrzeugen, die plötzlich nach links ausweichen', 1),
(3384, 1190, 'Mit vorausfahrenden Fahrzeugen, die plötzlich bremsen', 1),
(3385, 1190, 'Mit Ästen, die auf der Fahrbahn liegen', 1),
(3386, 1191, 'Bäume können in meinen Verkehrsraum ragen', 1),
(3387, 1191, 'Äste können auf der Fahrbahn liegen', 1),
(3388, 1191, 'Fahrzeuge können plötzlich ausweichen', 1),
(3389, 1192, 'Ich darf mein Mofa schieben', 1),
(3390, 1192, 'Ich darf mit dem Mofa langsam weiterfahren', 0),
(3391, 1192, 'Ich darf mit dem Mofa bei abgestelltem Motor weiterfahren', 0),
(3392, 1193, 'Ich darf in eine so beschilderte Straße – nicht einfahren, weil Fahrzeug und Ladung länger als 10 m sind', 1),
(3393, 1193, 'Ich darf in eine so beschilderte Straße – einfahren, wenn die Ladung besonders gekennzeichnet ist', 0),
(3394, 1193, 'Ich darf in eine so beschilderte Straße – einfahren, weil die Ladung nicht berücksichtigt werden muss', 0),
(3395, 1194, 'Ich wechsle auf den rechten Fahrstreifen', 1),
(3396, 1194, 'Ich befahre den linken Fahrstreifen nur im Falle einer Panne', 0),
(3397, 1194, 'Ich bleibe auf meinem jetzigen Fahrstreifen', 0),
(3398, 1195, 'Schneeketten benutzen', 1),
(3399, 1195, 'Zulässige Höchstgeschwindigkeit 50 km/h', 1),
(3400, 1195, 'Kettenfahrzeuge haben Vorfahrt', 0),
(3401, 1196, 'Für Fahrzeuge, deren – tatsächliche Achslast 2 t überschreitet', 1),
(3402, 1196, 'Für Fahrzeuge, deren – zulässige Achslast 2 t überschreitet', 0),
(3403, 1196, 'Für Fahrzeuge, deren – zulässige Gesamtmasse 2 t nicht überschreitet', 0),
(3404, 1197, 'Auf ein Verbot für Fahrzeuge, deren Breite einschließlich Ladung 2 m überschreitet', 1),
(3405, 1197, 'Auf eine Fahrbahn von 2 m Breite', 0),
(3406, 1197, 'Auf einen vorgeschriebenen Seitenabstand von mindestens 2 m zu anderen Fahrzeugen', 0),
(3407, 1198, 'Durch Fahrzeuge mit folgenden Abmessungen einschließlich Ladung: Länge 8 m, Breite 2,5 m, Höhe 4 m', 1),
(3408, 1198, 'Durch Fahrzeuge mit folgenden Abmessungen einschließlich Ladung: Länge 10 m, Breite 3,9 m, Höhe 3 m', 0),
(3409, 1198, 'Durch Fahrzeuge mit folgenden Abmessungen einschließlich Ladung: Länge 4 m, Breite 2,5 m, Höhe 2,5 m', 0),
(3410, 1199, 'Pkw mit Wohnanhänger, Gesamtlänge des Zuges 11 m', 1),
(3411, 1199, 'Traktor mit Anhänger, Gesamtlänge des Zuges 12 m', 1),
(3412, 1199, 'Lkw mit einer Länge von 9 m einschließlich Ladung', 0),
(3413, 1200, 'Lkws mit einer zulässigen Gesamtmasse über 3,5 t', 1),
(3414, 1200, 'Zugmaschinen', 1),
(3415, 1200, 'Pkws mit Anhänger', 0),
(3416, 1201, 'Lkws mit einer zulässigen Gesamtmasse über 3,5 t', 1),
(3417, 1201, 'Zugmaschinen', 1),
(3418, 1201, 'Pkws', 0),
(3419, 1202, 'Lkws und Lastzüge mit einer zulässigen Gesamtmasse über 3,5 t', 1),
(3420, 1202, 'Zugmaschinen', 1),
(3421, 1202, 'Pkws', 0),
(3422, 1203, 'Verbot für kennzeichnungspflichtige Kraftfahrzeuge mit gefährlichen Gütern', 1),
(3423, 1203, 'Verbot für Fahrzeuge, deren tatsächliche Achslast 3,5 t überschreitet', 0),
(3424, 1203, 'Verbot für alle Lkws und Züge', 0),
(3425, 1204, 'Auf die – tatsächliche Masse des Fahrzeugs', 1),
(3426, 1204, 'Auf die – zulässige Gesamtmasse des Fahrzeugs', 0),
(3427, 1204, 'Auf die – Leermasse des Fahrzeugs', 0),
(3428, 1205, 'Auf die – tatsächliche Masse des Fahrzeugs', 1),
(3429, 1205, 'Auf die – zulässige Gesamtmasse des Fahrzeugs', 0),
(3430, 1205, 'Auf die – tatsächliche Masse der Beladung', 0),
(3431, 1208, 'Auf das Ende der Autobahn', 1),
(3432, 1208, 'Auf das Ende der Kraftfahrstraße', 0),
(3433, 1208, 'Auf eine vorübergehende Sperrung der Autobahn', 0),
(3434, 1209, 'Auf das Ende der Kraftfahrstraße', 1),
(3435, 1209, 'Auf das Ende der Autobahn', 0),
(3436, 1209, 'Auf ein Verbot für Kraftwagen', 0),
(3437, 1210, 'Auf die Nummer einer Autobahn', 1),
(3438, 1210, 'Auf die Entfernung bis zur nächsten Tankstelle', 0),
(3439, 1210, 'Auf die Nummer einer Europastraße', 0),
(3440, 1211, 'Auf die Autobahnausfahrt Nummer 26', 1),
(3441, 1211, 'Auf die A 26', 0),
(3442, 1211, 'Auf die Entfernung von der Ausfahrt bis Düsseldorf-Benrath', 0),
(3443, 1212, 'Auf eine Bedarfsumleitung für den Autobahnverkehr', 1),
(3444, 1212, 'Auf eine U-Bahnstation', 0),
(3445, 1212, 'Auf die Bundesstraße 22', 0),
(3446, 1213, 'Zulässige Höchstgeschwindigkeit 50 km/h', 1),
(3447, 1213, 'Freie Wahl markierter Fahrstreifen für Kraftfahrzeuge bis 3,5 t zulässiger Gesamtmasse', 1),
(3448, 1213, 'Freie Wahl markierter Fahrstreifen für alle Kraftfahrzeuge', 0),
(3449, 1214, 'Überholen darf nicht durch Hupen angekündigt werden', 1),
(3450, 1214, 'Parkende Pkws dürfen mit der Parkleuchte gesichert werden', 1),
(3451, 1214, 'Bei Dunkelheit darf mit Standlicht gefahren werden', 0),
(3452, 1215, 'Pkws entsprechend der Abbildung', 1),
(3453, 1215, 'Wohnwagen entsprechend der Abbildung', 1),
(3454, 1215, 'Kleine Pkws auch quer zur Fahrtrichtung', 0),
(3455, 1216, 'Auf eine – Wasserstofftankstelle', 1),
(3456, 1216, 'Auf eine – Erdgastankstelle', 0),
(3457, 1216, 'Auf eine – Autogastankstelle', 0),
(3458, 1217, 'Auf eine – Erdgastankstelle', 1),
(3459, 1217, 'Auf eine – Wasserstofftankstelle', 0),
(3460, 1217, 'Auf eine – Autogastankstelle', 0),
(3461, 1218, 'Auf eine – Autogastankstelle', 1),
(3462, 1218, 'Auf eine – Erdgastankstelle', 0),
(3463, 1218, 'Auf eine – Wasserstofftankstelle', 0),
(3464, 1219, 'Auf eine Ladestation für Elektrofahrzeuge', 1),
(3465, 1219, 'Auf Explosionsgefahr an einer Tankstelle durch Elektrogeräte', 0),
(3466, 1219, 'Auf die Möglichkeit zum Aufladen von Mobiltelefonen', 0),
(3467, 1220, 'Auf einen Parkplatz mit Anschluss an öffentliche Verkehrsmittel („Parken + Reisen“)', 1),
(3468, 1220, 'Auf eine Tankstelle mit Waschanlage („Pflegen + Reinigen“)', 0),
(3469, 1220, 'Auf einen Fahrzeugverleih mit Reparaturwerkstatt („Pannenservice + Reparatur“)', 0),
(3470, 1221, 'Ich überprüfe an der On-Board-Unit (OBU), ob die Anzahl der Achsen korrekt eingestellt ist', 1),
(3471, 1221, 'Ich darf ohne On-Board-Unit (OBU) nur weiterfahren, wenn für das Benutzen der Strecke Maut entrichtet wurde', 1),
(3472, 1221, 'Ich zahle die Maut am Mautterminal, wenn ich die mautpflichtige Strecke verlasse', 0),
(3473, 1222, 'Nächste Notrufsäule in Pfeilrichtung', 1),
(3474, 1222, 'Nächster Parkplatz in Pfeilrichtung', 0),
(3475, 1222, 'Nächste Ausfahrt in Pfeilrichtung', 0),
(3476, 1223, 'Hohe Motordrehzahlen vermeiden', 1),
(3477, 1223, 'Ansaug- und Abgasanlage nicht verändern', 1),
(3478, 1223, 'Verkleidung anbauen', 0),
(3479, 1224, 'Durch Fahren mit defekter Auspuffanlage', 1),
(3480, 1224, 'Durch „Spielen“ mit dem Gas im Stand', 1),
(3481, 1224, 'Durch Hupen bei Gefahr', 0),
(3482, 1225, 'Weil der entstehende Lärm andere belästigt', 1),
(3483, 1225, 'Weil stärkerer Reifenverschleiß entsteht', 1),
(3484, 1225, 'Weil dadurch die Hinterradbremse stark belastet wird', 0),
(3485, 1226, 'Es erhöht sich – der Kraftstoffverbrauch', 1),
(3486, 1226, 'Es erhöht sich – der Reifenverschleiß', 1),
(3487, 1226, 'Es erhöht sich – die Fahrstabilität', 0),
(3488, 1227, 'Kraftfahrzeuge mit einer grünen Feinstaub-Plakette', 1),
(3489, 1227, 'Krafträder', 1),
(3490, 1227, 'Kraftfahrzeuge, die die Anforderungen an eine grüne Feinstaub-Plakette erfüllen, auch wenn keine solche Plakette angebracht ist', 0),
(3491, 1228, 'In einer Autowaschanlage', 1),
(3492, 1228, 'Auf einem Parkplatz', 0),
(3493, 1228, 'Auf einer öffentlichen Straße', 0),
(3494, 1229, 'Die Benutzung – der Sitzheizung', 1),
(3495, 1229, 'Die Benutzung – der Klimaanlage', 1),
(3496, 1229, 'Die Benutzung – des Navigationsgerätes', 0),
(3497, 1230, 'Die Verwendung von Luftleiteinrichtungen am Fahrzeug', 1),
(3498, 1230, 'Die vorausschauende Fahrweise des Fahrers', 1),
(3499, 1230, 'Die Verwendung spezieller Reifen', 1),
(3500, 1231, 'Der Kraftstoffverbrauch erhöht sich', 1),
(3501, 1231, 'Der Schadstoffausstoß erhöht sich', 1);
INSERT INTO `answer` (`id`, `question_id`, `answer`, `is_correct`) VALUES
(3502, 1231, 'Der Lärmpegel verringert sich', 0),
(3503, 1232, 'Durch die ausschließliche Verwendung von zulässigen Auspuffanlagen', 1),
(3504, 1232, 'Durch hochtouriges Anfahren', 0),
(3505, 1232, 'Durch ungleichmäßige Fahrweise', 0),
(3506, 1233, 'Beim Anschleppen des Fahrzeugs kann es zur Zerstörung oder Beschädigung des Katalysators kommen', 1),
(3507, 1233, 'Beim Anspringen des Motors nach vielen vergeblichen Startversuchen kann der Katalysator beschädigt werden', 1),
(3508, 1233, 'Unverbrannter Kraftstoff im Katalysator kann beim Anspringen des Motors keine Schäden verursachen', 0),
(3509, 1234, 'Durch Bilden von Fahrgemeinschaften', 1),
(3510, 1234, 'Durch Meiden von Verkehrsspitzen', 1),
(3511, 1234, 'Durch Meiden von Straßen mit häufigem Stau', 1),
(3512, 1235, 'Durch Dachgepäckträger oder Skihalter', 1),
(3513, 1235, 'Durch Mitführen unnötiger Gegenstände', 1),
(3514, 1235, 'Durch zu hohen Reifendruck', 0),
(3515, 1236, 'Mindestens Reifendruck nach Betriebsanleitung einhalten', 1),
(3516, 1236, 'Dachgepäckträger oder Skihalter abnehmen', 1),
(3517, 1236, 'Nicht im höchsten Gang fahren', 0),
(3518, 1237, 'Den Motor im Stand warmlaufen lassen', 1),
(3519, 1237, 'Unnötiges Umherfahren', 1),
(3520, 1237, 'Laute Musik bei geöffneten Fenstern', 1),
(3521, 1238, 'An Sammelparkplätzen auf öffentliche Verkehrsmittel umsteigen („P + R“)', 1),
(3522, 1238, 'Fahrgemeinschaften bilden', 1),
(3523, 1238, 'Bei Stau den Motor abstellen', 1),
(3524, 1239, 'Durch Fahren im 4. oder 5. Gang in Ortschaften', 1),
(3525, 1239, 'Durch Fahren mit hoher Motordrehzahl', 0),
(3526, 1239, 'Durch Fahren mit hoher Geschwindigkeit', 0),
(3527, 1240, 'Wenn Ihr Pkw mit einer entsprechenden Feinstaub-Plakette gekennzeichnet ist', 1),
(3528, 1240, 'Wenn Ihr Pkw Sonderrechte in Anspruch nehmen kann', 1),
(3529, 1240, 'Wenn Ihr Pkw schadstoffarm ist', 0),
(3530, 1241, 'Deutlich sichtbar auf der Innenseite der Windschutzscheibe', 1),
(3531, 1241, 'Deutlich sichtbar auf der Außenseite der Windschutzscheibe', 0),
(3532, 1241, 'Deutlich sichtbar auf der Innenseite der Heckscheibe', 0),
(3533, 1242, 'Im Kofferraum', 1),
(3534, 1242, 'Hinter den Vordersitzen', 1),
(3535, 1242, 'Auf dem Dachgepäckträger', 0),
(3536, 1243, 'Durch vorausschauendes Fahren', 1),
(3537, 1243, 'Durch die regelmäßige Überprüfung des Reifenfülldrucks entsprechend den Herstellervorgaben', 1),
(3538, 1243, 'Durch Fahren mit Winterreifen im Sommer', 0),
(3539, 1244, 'Die Teilnahme an einem fahrpraktischen Training zur kraftstoffsparenden Fahrweise', 1),
(3540, 1244, 'Die Nutzung von Fahrzeugen mit Elektroantrieb', 1),
(3541, 1244, 'Die Bildung von Fahrgemeinschaften', 1),
(3542, 1245, 'Beim Anfahren auf den “Kick-down” verzichten', 1),
(3543, 1245, 'Beim Fahren den Eco-Modus nutzen', 1),
(3544, 1245, 'Beim Befahren eines Gefälles den Motor ausschalten', 0),
(3545, 1246, 'Pkws mit – Ottomotor', 1),
(3546, 1246, 'Pkws mit – Dieselmotor', 1),
(3547, 1246, 'Pkws mit – Elektromotor', 1),
(3548, 1247, 'Signale des übrigen Verkehrs werden nicht wahrgenommen', 1),
(3549, 1247, 'Andere Verkehrsteilnehmer werden belästigt', 1),
(3550, 1247, 'Die Reaktionsfähigkeit des Fahrers verbessert sich', 0),
(3551, 1248, 'Die gefahrene Geschwindigkeit', 1),
(3552, 1248, 'Die Anzahl der Mitfahrer', 0),
(3553, 1248, 'Die Profiltiefe der Reifen', 0),
(3554, 1249, 'Durch Nutzung der Start-Stopp-Automatik', 1),
(3555, 1249, 'Durch Einlegen des ersten Gangs', 0),
(3556, 1249, 'Durch Betätigen der Handbremse', 0),
(3557, 1250, 'Durch Erneuern ausgeschlagener Bordwandscharniere oder -verschlüsse', 1),
(3558, 1250, 'Durch sachgemäßes Verstauen oder Benutzen der Spannketten', 1),
(3559, 1250, 'Durch starkes Erhöhen des Reifendrucks bei leerem Fahrzeug', 0),
(3560, 1251, 'Lockere Spannketten', 1),
(3561, 1251, 'Lockere oder ausgeschlagene Bordwandscharniere', 1),
(3562, 1251, 'Nicht befestigte Ladung', 1),
(3563, 1252, 'Alle Lkws mit einer entsprechenden Feinstaub-Plakette', 1),
(3564, 1252, 'Alle Busse mit einer entsprechenden Feinstaub-Plakette', 1),
(3565, 1252, 'Alle Pkws', 0),
(3566, 1253, 'Indem ich – leere Druckluftbehälter möglichst aus einer stationären Anlage befülle', 1),
(3567, 1253, 'Indem ich – ausgeschlagene Bordwandverschlüsse austausche', 1),
(3568, 1253, 'Indem ich – den Motor während längerer Wartezeiten laufen lasse', 0),
(3569, 1254, 'Indem ich – mehrere Fahrziele in einer Fahrt zusammenlege', 1),
(3570, 1254, 'Indem ich – Fahrgemeinschaften mit anderen Fahrzeugnutzern bilde', 1),
(3571, 1254, 'Indem ich – plane, öffentliche Verkehrsmittel statt des eigenen Fahrzeugs zu nutzen', 1),
(3572, 1255, 'Ich nehme das Gaspedal vollständig zurück und schalte – in einen Gang, in dem ich wenig bremsen muss', 1),
(3573, 1255, 'Ich nehme das Gaspedal vollständig zurück und schalte – in den Leerlauf', 0),
(3574, 1255, 'Ich nehme das Gaspedal vollständig zurück und schalte – die Zündung aus', 0),
(3575, 1256, 'Alle zwei- und dreirädrigen Kraftfahrzeuge', 1),
(3576, 1256, 'Alle land- und forstwirtschaftlichen Zugmaschinen', 1),
(3577, 1256, 'Alle Kraftfahrzeuge mit Katalysator', 0),
(3578, 1257, 'An den Angaben – zum Kraftstoffverbrauch', 1),
(3579, 1257, 'An den Angaben – zur Effizienzklasse', 1),
(3580, 1257, 'An den Angaben – zur Emissionsklasse', 1),
(3581, 1258, 'Weil bei Fahrten mit kaltem Motor – mehr Kraftstoff verbraucht wird', 1),
(3582, 1258, 'Weil bei Fahrten mit kaltem Motor – der Materialverschleiß größer ist', 1),
(3583, 1258, 'Weil bei Fahrten mit kaltem Motor – die Fahrzeugbatterie überladen wird', 0),
(3584, 1259, 'Durch Hupen zur Begrüßung', 1),
(3585, 1259, 'Durch heftiges Zuschlagen von Türen', 1),
(3586, 1259, 'Durch Fahren mit einem Dachgepäckträger', 0),
(3587, 1260, 'Weil im aktivierten Eco-Roll-Modus die – Bewegungsenergie des Fahrzeugs maximal ausgenutzt wird', 1),
(3588, 1260, 'Weil im aktivierten Eco-Roll-Modus die – Motorbremswirkung erhöht wird', 0),
(3589, 1260, 'Weil im aktivierten Eco-Roll-Modus die – Rollphase des Fahrzeugs verkürzt wird', 0),
(3590, 1261, 'Alle zwei Jahre', 1),
(3591, 1261, 'Alle drei Jahre', 0),
(3592, 1261, 'Vor jeder Wiederzulassung', 0),
(3593, 1262, 'An der Prüfplakette auf dem hinteren amtlichen Kennzeichen', 1),
(3594, 1262, 'An der Eintragung in der Zulassungsbescheinigung Teil I', 1),
(3595, 1262, 'An der Eintragung in der Bedienungsanleitung meines Fahrzeugs', 0),
(3596, 1263, 'Der auf der Prüfplakette angegebene Termin ist einzuhalten', 1),
(3597, 1263, 'Der auf der Prüfplakette angegebene Termin verschiebt sich um die Standzeit', 0),
(3598, 1264, 'Zulassungsbescheinigung Teil I (Fahrzeugschein)', 1),
(3599, 1264, 'Prüfbuch', 1),
(3600, 1264, 'Zulassungsbescheinigung Teil II (Fahrzeugbrief)', 0),
(3601, 1265, 'Zulassungsbescheinigung Teil I (Fahrzeugschein)', 1),
(3602, 1265, 'Prüfbuch', 1),
(3603, 1265, 'Zulassungsbescheinigung Teil II (Fahrzeugbrief)', 0),
(3604, 1266, 'Zulassungsbescheinigung Teil I (Fahrzeugschein)', 1),
(3605, 1266, 'Prüfbuch', 1),
(3606, 1266, 'Zulassungsbescheinigung Teil II (Fahrzeugbrief)', 0),
(3607, 1267, 'Das Datum der durchgeführten – Hauptuntersuchung', 1),
(3608, 1267, 'Das Datum der durchgeführten – Sicherheitsprüfung', 1),
(3609, 1267, 'Das Datum der durchgeführten – Fahrtenschreiberüberprüfung', 0),
(3610, 1268, 'Am SP-Schild mit der Prüfmarke', 1),
(3611, 1268, 'An der Eintragung in der Zulassungsbescheinigung Teil I', 0),
(3612, 1268, 'An der Prüfplakette auf dem amtlichen Kennzeichen', 0),
(3613, 1272, 'Anbau eines Beiwagens', 1),
(3614, 1272, 'Verwendung von Reifen einer anderen Größe', 1),
(3615, 1272, 'Anbau einer Nebelschlussleuchte', 0),
(3616, 1273, 'Einbau eines Motors anderer Leistung', 1),
(3617, 1273, 'Anbau einer Verkleidung', 1),
(3618, 1273, 'Einbau eines Radios', 0),
(3619, 1274, 'Änderungen des Übersetzungsverhältnisses', 1),
(3620, 1274, 'Änderungen am Motor zur Leistungssteigerung', 1),
(3621, 1274, 'Einbau eines elektrischen Anlassers', 0),
(3622, 1275, 'Hubraum: 120 cm³; Leistung: 11 kW; bauartbedingte Höchstgeschwindigkeit: 80 km/h', 1),
(3623, 1275, 'Hubraum: 100 cm³; Leistung: 12 kW; bauartbedingte Höchstgeschwindigkeit: 90 km/h', 0),
(3624, 1275, 'Hubraum: 150 cm³; Leistung: 10 kW; bauartbedingte Höchstgeschwindigkeit: 80 km/h', 0),
(3625, 1276, 'Das Fahrzeug – darf im Straßenverkehr nicht mehr benutzt werden', 1),
(3626, 1276, 'Das Fahrzeug – muss bei der Zulassungsstelle abgemeldet werden', 0),
(3627, 1276, 'Das Fahrzeug – muss bei der Technischen Prüfstelle vorgeführt werden', 0),
(3628, 1277, 'Wenn keine Haftpflichtversicherung besteht', 1),
(3629, 1277, 'Wenn das Mofa nicht verkehrssicher ist', 1),
(3630, 1277, 'Wenn keine Kraftfahrzeugsteuer bezahlt wurde', 0),
(3631, 1278, 'Durch „Ausräumen“ des Schalldämpfers', 1),
(3632, 1278, 'Durch Änderung des Übersetzungsverhältnisses', 1),
(3633, 1278, 'Durch Anbringung eines zweiten Rückspiegels', 0),
(3634, 1279, 'Betriebserlaubnis', 1),
(3635, 1279, 'Prüfbescheinigung', 1),
(3636, 1279, 'Versicherungsnachweis', 1),
(3637, 1280, 'Kraftfahrzeug-Haftpflichtversicherung', 1),
(3638, 1280, 'Vollkaskoversicherung', 0),
(3639, 1280, 'Rechtsschutzversicherung', 0),
(3640, 1281, 'Durch ein gültiges Versicherungskennzeichen', 1),
(3641, 1281, 'Durch die Versicherungsbescheinigung', 1),
(3642, 1281, 'Durch die Betriebserlaubnis', 0),
(3643, 1282, '1 Jahr', 1),
(3644, 1282, '2 Jahre', 0),
(3645, 1282, 'Für die gesamte Lebensdauer des Fahrzeugs', 0),
(3646, 1283, 'Ich muss mit einer Geldstrafe oder Freiheitsstrafe rechnen', 1),
(3647, 1283, 'Ich muss ggf. für entstehende Unfallschäden selbst aufkommen', 1),
(3648, 1283, 'Ich darf nur noch Schrittgeschwindigkeit fahren', 0),
(3649, 1284, 'Den Führerschein', 1),
(3650, 1284, 'Die Zulassungsbescheinigung Teil I (Fahrzeugschein)', 1),
(3651, 1284, 'Die Zulassungsbescheinigung Teil II (Fahrzeugbrief)', 0),
(3652, 1285, 'Den Führerschein', 1),
(3653, 1285, 'Die Betriebserlaubnis oder die Zulassungsbescheinigung Teil I (Fahrzeugschein)', 1),
(3654, 1285, 'Die Zulassungsbescheinigung Teil II (Fahrzeugbrief)', 0),
(3655, 1286, 'Den Führerschein', 1),
(3656, 1286, 'Die Betriebserlaubnis oder die Übereinstimmungserklärung (COC-Papier)', 1),
(3657, 1286, 'Die Versicherungsbescheinigung', 1),
(3658, 1287, 'Den Führerschein', 1),
(3659, 1287, 'Die Zulassungsbescheinigung Teil I (Fahrzeugschein)', 1),
(3660, 1287, 'Die Zulassungsbescheinigung Teil II (Fahrzeugbrief)', 0),
(3661, 1288, 'Die Genehmigungsurkunde', 1),
(3662, 1288, 'Den Führerschein', 1),
(3663, 1288, 'Die Versicherungsbescheinigung', 0),
(3664, 1289, 'Mit einem Bußgeld', 1),
(3665, 1289, 'Mit einem Eintrag im Fahreignungsregister', 1),
(3666, 1289, 'Mit dem Verlust meines Versicherungsschutzes', 1),
(3667, 1290, 'Alle Anhänger – die hinten ein Geschwindigkeitsschild „25“ führen', 1),
(3668, 1290, 'Alle Anhänger – mit denen landwirtschaftliche Güter befördert werden', 0),
(3669, 1290, 'Alle Anhänger – die schneller als 25 km/h fahren dürfen', 0),
(3670, 1291, 'Die Zahlen – geben Auskunft über das transportierte Gefahrgut', 1),
(3671, 1291, 'Die Zahlen – sind Angaben des Fahrzeugherstellers', 0),
(3672, 1291, 'Die Zahlen – stehen für die maximale Zuladung', 0),
(3673, 1292, 'Ich muss – eine ADR-Bescheinigung mitführen', 1),
(3674, 1292, 'Ich muss – eine Fahrerlaubnis der Klasse C besitzen', 1),
(3675, 1292, 'Ich muss – mindestens 3 Jahre unfallfrei gefahren sein', 0),
(3676, 1293, 'Ich muss das Gutachten oder die Bestätigung – mitführen und gegebenenfalls die Zulassungsbescheinigung Teil I berichtigen lassen', 1),
(3677, 1293, 'Ich muss das Gutachten oder die Bestätigung – dem Fahrzeughersteller übersenden', 0),
(3678, 1293, 'Ich muss das Gutachten oder die Bestätigung – an der dafür vorgesehenen Stelle in der Zulassungsbescheinigung Teil II einkleben', 0),
(3679, 1294, 'Ich begehe eine Straftat wegen Fahrens ohne Fahrerlaubnis', 1),
(3680, 1294, 'Ich begehe eine Ordnungswidrigkeit wegen Erlöschens der Betriebserlaubnis', 1),
(3681, 1294, 'Keine, solange ich mit diesem Mofa nicht schneller als 25 km/h fahre', 0),
(3682, 1295, 'Unverzüglich nach dem Umbau', 1),
(3683, 1295, 'Zusammen mit der nächsten Hauptuntersuchung, spätestens 1 Jahr nach Umbau', 0),
(3684, 1295, 'Nach Aufforderung durch die Zulassungsstelle', 0),
(3685, 1296, 'Einen Anhänger mit einer zulässigen Gesamtmasse von 1.000 kg', 1),
(3686, 1296, 'Einen Anhänger mit einer zulässigen Gesamtmasse von 1.200 kg', 0),
(3687, 1296, 'Einen Anhänger mit einer zulässigen Gesamtmasse von 1.500 kg', 0),
(3688, 1297, 'Einen Anhänger mit einer zulässigen Gesamtmasse von 750 kg', 1),
(3689, 1297, 'Einen Anhänger mit einer zulässigen Gesamtmasse von 18.000 kg', 0),
(3690, 1297, 'Einen Anhänger mit einer zulässigen Gesamtmasse von 22.000 kg', 0),
(3691, 1298, 'Einen Anhänger mit einer zulässigen Gesamtmasse von 750 kg', 1),
(3692, 1298, 'Einen Anhänger mit einer zulässigen Gesamtmasse von 3.500 kg', 0),
(3693, 1298, 'Einen Anhänger mit einer zulässigen Gesamtmasse von 6.200 kg', 0),
(3694, 1299, 'Einen Anhänger mit einer zulässigen Gesamtmasse von 750 kg', 1),
(3695, 1299, 'Einen Anhänger mit einer zulässigen Gesamtmasse von 1.000 kg', 0),
(3696, 1299, 'Einen Anhänger mit einer zulässigen Gesamtmasse von 2.000 kg', 0),
(3697, 1300, 'Wenn die Geltungsdauer nicht rechtzeitig verlängert wurde', 1),
(3698, 1300, 'Wenn man länger als 1 Jahr keinen Bus gefahren hat', 0),
(3699, 1300, 'Wenn das Beschäftigungsverhältnis als Busfahrer endet', 0),
(3700, 1301, 'Wenn er an einer meldepflichtigen, übertragbaren Krankheit leidet', 1),
(3701, 1301, 'Wenn ein Mitglied seiner häuslichen Gemeinschaft an einer meldepflichtigen, übertragbaren Krankheit leidet', 1),
(3702, 1301, 'Wenn er unter starkem Unwohlsein leidet', 1),
(4026, 1425, 'Die Bremswirkung des Motors durch Zurückschalten ausnutzen', 1),
(4027, 1425, 'Zwischen den Kehren nicht zu schnell fahren, damit die Bremsen nicht überhitzt werden', 1),
(4028, 1425, 'Nur mit der Vorderradbremse bremsen', 0),
(4029, 1426, 'Bei starkem Beschleunigen im kleinen Gang', 1),
(4030, 1426, 'Bei plötzlichem Loslassen der Kupplung während des Anfahrens', 1),
(4031, 1426, 'Bei scharfem Bremsen mit der Handbremse', 0),
(4032, 1427, 'Der Winddruck ist geringer, man neigt zum schnelleren Fahren', 1),
(4033, 1427, 'Die Seitenwindempfindlichkeit ist größer', 1),
(4034, 1427, 'Die Sturzgefahr ist geringer', 0),
(4035, 1428, 'Das Hinterrad blockiert und kann ausbrechen', 1),
(4036, 1428, 'Ein Sturz ist oft unvermeidbar', 1),
(4037, 1428, 'Das Vorderrad hebt ab', 0),
(4038, 1429, 'Einstellung der Rückspiegel', 1),
(4039, 1429, 'Stand der Bremsflüssigkeit, Hebelweg', 1),
(4040, 1429, 'Einstellung der Nockenwelle', 0),
(4041, 1430, 'Beim Fahren zu zweit', 1),
(4042, 1430, 'Bei längeren Autobahnfahrten mit hoher Geschwindigkeit', 1),
(4043, 1430, 'Beim Fahren mit schwerem Gepäck', 1),
(4044, 1431, 'Beim Kurvenfahren ändert sich das Fahrverhalten, insbesondere beim Hinein- und Herausfahren', 1),
(4045, 1431, 'Der Überholweg wird unter sonst gleichen Bedingungen länger', 1),
(4046, 1431, 'Der Bremsweg wird unter sonst gleichen Bedingungen kürzer', 0),
(4047, 1432, 'Weil beim Bremsen das Hinterrad – entlastet wird', 1),
(4048, 1432, 'Weil beim Bremsen das Hinterrad – noch angetrieben wird', 0),
(4049, 1432, 'Weil beim Bremsen das Hinterrad – stärker belastet wird', 0),
(4050, 1433, 'Vorher so stark abbremsen, dass in der Kurve nicht mehr gebremst werden muss', 1),
(4051, 1433, 'Kurven so einleiten und fahren, dass Sie auch bei starker Schräglage den Bereich des Gegenverkehrs nicht berühren', 1),
(4052, 1433, 'Wenn Sie keinen Gegenverkehr sehen, Ideallinie fahren und ganze Fahrbahnbreite nutzen', 0),
(4053, 1434, 'Gas wegnehmen, Schräglage vergrößern', 1),
(4054, 1434, 'Nicht scharf bremsen', 1),
(4055, 1434, 'Lenker sofort stark einschlagen', 0),
(4056, 1435, 'Die Abstellfläche – muss hart und eben sein', 1),
(4057, 1435, 'Die Abstellfläche – sollte nicht in einem starken Gefälle liegen', 1),
(4058, 1435, 'Die Abstellfläche – darf nicht in einer Steigung liegen', 0),
(4059, 1436, 'Weil Kurven schärfer sein können als erwartet', 1),
(4060, 1436, 'Weil sonst gefährliche Fahrbahnverschmutzungen zu spät erkannt werden', 1),
(4061, 1436, 'Weil man sonst zu viel Schwung verliert', 0),
(4062, 1437, 'Durch Schräglage', 1),
(4063, 1437, 'Durch Verringern der Geschwindigkeit', 1),
(4064, 1437, 'Durch starkes Beschleunigen', 0),
(4065, 1438, 'Beim Linksabbiegen kann das Motorrad von der Fahrbahn abkommen und Fußgänger auf dem Gehweg gefährden', 1),
(4066, 1438, 'Beim Rechtsabbiegen kann das Motorrad auf die Fahrbahn des Gegenverkehrs geraten', 1),
(4067, 1438, 'Beim Geradeausfahren wird die Fahrstabilität in jedem Fall erhöht', 0),
(4068, 1439, 'Vorspannung der Federn', 1),
(4069, 1439, 'Reifendruck', 1),
(4070, 1439, 'Kettenspannung', 0),
(4071, 1440, 'Profiltiefe des Hinterradreifens', 1),
(4072, 1440, 'Gleichmäßige Beladung (vorn/hinten, rechts/links)', 1),
(4073, 1440, 'Zustand des Helmvisiers', 1),
(4074, 1441, 'Auf Fahrbahnen mit Rollsplitt oder Streusand', 1),
(4075, 1441, 'Auf Straßenbahnschienen, Kanaldeckeln und Fahrbahnmarkierungen', 1),
(4076, 1441, 'Bei der ersten Fahrt mit neuen Reifen', 1),
(4077, 1442, 'Mit beiden Bremsen', 1),
(4078, 1442, 'Mit der Hinterradbremse allein', 0),
(4079, 1442, 'Mit der Vorderradbremse allein', 0),
(4080, 1443, 'Um einen möglichst kurzen Bremsweg zu erzielen', 1),
(4081, 1443, 'Um beim Versagen einer Bremse noch bremsen zu können', 1),
(4082, 1443, 'Um das Motorrad im Gefälle sicher parken zu können', 0),
(4083, 1444, 'Ja, in der Regel blockiert zuerst das Hinterrad', 1),
(4084, 1444, 'Ja, in der Regel blockiert zuerst das Vorderrad', 0),
(4085, 1444, 'Nein, in der Regel blockieren beide Räder gleichzeitig', 0),
(4086, 1445, 'Ja, in der Regel ist die Wirkung der Vorderradbremse größer', 1),
(4087, 1445, 'Ja, in der Regel ist die Wirkung der Hinterradbremse größer', 0),
(4088, 1445, 'Nein, in der Regel ist die Wirkung beider Bremsen gleich groß', 0),
(4089, 1446, 'Mit gefährlicher Blockierneigung der Räder', 1),
(4090, 1446, 'Mit verminderter Wirkung der Bremsen', 1),
(4091, 1446, 'Mit verminderter Bremswirkung des Motors', 0),
(4092, 1447, 'Starkes Bremsen', 1),
(4093, 1447, 'Nasse oder vereiste Fahrbahn', 1),
(4094, 1447, 'Sand oder Rollsplitt', 1),
(4095, 1448, 'Beim Fahren im Gefälle', 1),
(4096, 1448, 'Beim Mitnehmen von schwerem Gepäck', 1),
(4097, 1448, 'Bei Gegenwind', 0),
(4098, 1449, 'Die Wirkung von Scheibenbremsen setzt in der Regel später ein als auf trockener Fahrbahn', 1),
(4099, 1449, 'Die Wirkung von Scheibenbremsen setzt in der Regel früher ein als auf trockener Fahrbahn', 0),
(4100, 1450, 'Beladung/Besetzung des Fahrzeugs', 1),
(4101, 1450, 'Temperatur der Reifen', 1),
(4102, 1450, 'Werkstoff der Felgen (Stahl/Leichtmetall)', 0),
(4103, 1451, 'Die Fliehkraft ist bei 60 km/h – viermal so groß', 1),
(4104, 1451, 'Die Fliehkraft ist bei 60 km/h – doppelt so groß', 0),
(4105, 1451, 'Die Fliehkraft ist bei 60 km/h – gleich groß', 0),
(4106, 1452, 'Durch höhere Geschwindigkeit', 1),
(4107, 1452, 'Durch kleineren Kurvenradius', 1),
(4108, 1452, 'Durch höheren Reifenluftdruck', 0),
(4109, 1453, 'In Rechtskurven mäßig Gas geben', 1),
(4110, 1453, 'In Linkskurven Gas wegnehmen und leicht bremsen', 1),
(4111, 1453, 'In allen Kurven grundsätzlich auskuppeln', 0),
(4112, 1454, 'Im Beiwagen', 1),
(4113, 1454, 'Auf dem Motorrad', 0),
(4114, 1454, 'Die Art der Besetzung ist ohne Bedeutung', 0),
(4115, 1455, 'Gas wegnehmen, abbremsen, Körpergewicht nach rechts verlagern', 1),
(4116, 1455, 'Lenkeinschlag verringern, innerhalb des Fahrstreifens einen größeren Bogen fahren', 1),
(4117, 1455, 'Lenker stärker einschlagen, Gas geben', 0),
(4118, 1456, 'Der Beiwagen hebt ab, und das Gespann überschlägt sich', 1),
(4119, 1456, 'Das Motorrad hebt ab, und das Gespann überschlägt sich nach rechts', 0),
(4120, 1457, 'Beim Beschleunigen zieht das Gespann nach rechts', 1),
(4121, 1457, 'Beim Kurvenfahren müssen Sie lenken statt Schräglage einzunehmen', 1),
(4122, 1457, 'Beim Bremsen zieht das Gespann nach rechts', 0),
(4123, 1458, 'Beim Bremsen zieht das Gespann nach links', 1),
(4124, 1458, 'In Rechtskurven kann der Beiwagen abheben', 1),
(4125, 1458, 'Bei Tage muss nicht mit Abblendlicht gefahren werden', 0),
(4126, 1459, 'Die Notbetätigung – soll eine vom Fahrpersonal unabhängige Türöffnung nach Unfällen und Störungen ermöglichen', 1),
(4127, 1459, 'Die Notbetätigung – kann bei missbräuchlicher Benutzung auch zum Öffnen der Türen während der Fahrt führen', 1),
(4128, 1459, 'Die Notbetätigung – kann nur durch den Fahrzeugführer freigegeben werden', 0),
(4129, 1460, 'Die mitfahrende Person kann runterfallen', 1),
(4130, 1460, 'Das Vorderrad kann den Fahrbahnkontakt verlieren', 1),
(4131, 1460, 'Ich kann die Kontrolle über das Motorrad verlieren', 1),
(4132, 1461, 'Ich muss darauf achten, dass – alle Türen ordnungsgemäß geschlossen sind', 1),
(4133, 1461, 'Ich muss darauf achten, dass – sich keine Person unmittelbar vor dem Bus befindet', 1),
(4134, 1461, 'Ich muss darauf achten, dass – der fließende Verkehr nicht gefährdet wird', 1),
(4135, 1462, 'Ich verringere die Geschwindigkeit vor der Kurve', 1),
(4136, 1462, 'Ich bleibe in der Mitte des Fahrstreifens und beschleunige erst wieder beim Übergang in die Gerade', 1),
(4137, 1462, 'Ich bremse erst im Scheitelpunkt der Kurve', 0),
(4138, 1463, 'Das Motorrad – kann schon bei geringer Seitenneigung umkippen', 1),
(4139, 1463, 'Das Motorrad – kann bei starkem Gefälle nur schwer aufgebockt werden', 1),
(4140, 1463, 'Das Motorrad – sollte am besten im Sitzen aufgebockt werden', 0),
(4141, 1464, 'Ich muss – Gas wegnehmen, auskuppeln und behutsam bremsen', 1),
(4142, 1464, 'Ich muss – zurückschalten und möglichst stark beschleunigen', 0),
(4143, 1464, 'Ich muss – Pendelbewegungen durch rasches Gegenlenken ausgleichen', 0),
(4144, 1465, 'Mit Hand- und Fußbremse höchstmögliche Verzögerung herbeiführen', 1),
(4145, 1465, 'Fußbremshebel nicht betätigen, weil das ABS nur vorne wirkt', 0),
(4146, 1465, 'Hand- und Fußbremshebel stoßweise betätigen („Stotterbremse“)', 0),
(5046, 1466, 'Frühestens nach 5 Jahren', 1),
(5047, 1466, 'Frühestens nach 3 Jahren', 0),
(5048, 1466, 'Frühestens nach 2 Jahren', 0);

-- --------------------------------------------------------

--
-- Tabellenstruktur für Tabelle `bookmark`
--

CREATE TABLE IF NOT EXISTS `bookmark` (
  `user_id` int(11) UNSIGNED NOT NULL,
  `question_id` int(11) UNSIGNED NOT NULL,
  `added_at` timestamp NOT NULL DEFAULT current_timestamp(),
  PRIMARY KEY (`user_id`,`question_id`),
  KEY `question_id` (`question_id`)
) ENGINE=InnoDB DEFAULT CHARSET=utf8mb4;

--
-- Daten für Tabelle `bookmark`
--

INSERT INTO `bookmark` (`user_id`, `question_id`, `added_at`) VALUES
(1, 2, '2023-04-20 03:30:34'),
(1, 18, '2023-04-20 03:30:40'),
(1, 189, '2023-04-20 01:11:51'),
(1, 191, '2023-04-20 01:11:54'),
(1, 421, '2023-04-20 03:30:56'),
(1, 423, '2023-04-20 03:30:55'),
(1, 465, '2023-04-20 01:12:09'),
(1, 605, '2023-04-20 03:30:59'),
(1, 614, '2023-04-20 03:31:01'),
(1, 616, '2023-04-20 03:30:49'),
(1, 1187, '2023-04-20 03:31:10');

-- --------------------------------------------------------

--
-- Tabellenstruktur für Tabelle `category`
--

CREATE TABLE IF NOT EXISTS `category` (
  `id` int(11) UNSIGNED NOT NULL AUTO_INCREMENT,
  `identifier` varchar(32) NOT NULL,
  `title` varchar(64) NOT NULL,
  `section` enum('Grundstoff','Zusatzfragen') NOT NULL,
  PRIMARY KEY (`id`)
) ENGINE=InnoDB AUTO_INCREMENT=15 DEFAULT CHARSET=utf8mb4;

--
-- Daten für Tabelle `category`
--

INSERT INTO `category` (`id`, `identifier`, `title`, `section`) VALUES
(1, '1.1', 'Gefahrenlehre', 'Grundstoff'),
(2, '1.2', 'Verhalten im Straßenverkehr', 'Grundstoff'),
(3, '1.3', 'Vorfahrt, Vorrang', 'Grundstoff'),
(4, '1.4', 'Verkehrszeichen', 'Grundstoff'),
(5, '1.5', 'Umweltschutz', 'Grundstoff'),
(6, '1.7', 'Technik', 'Grundstoff'),
(7, '1.8', 'Eignung und Befähigung von Kraftfahrern', 'Grundstoff'),
(8, '2.1', 'Gefahrenlehre', 'Zusatzfragen'),
(9, '2.2', 'Verhalten im Straßenverkehr', 'Zusatzfragen'),
(10, '2.4', 'Verkehrszeichen', 'Zusatzfragen'),
(11, '2.5', 'Umweltschutz', 'Zusatzfragen'),
(12, '2.6', 'Vorschriften über den Betrieb der Fahrzeuge', 'Zusatzfragen'),
(13, '2.7', 'Technik', 'Zusatzfragen');

-- --------------------------------------------------------

--
-- Tabellenstruktur für Tabelle `exercise`
--

CREATE TABLE IF NOT EXISTS `exercise` (
  `id` int(11) UNSIGNED NOT NULL AUTO_INCREMENT,
  `user_id` int(11) UNSIGNED NOT NULL,
  `type` enum('Training','Exam') NOT NULL,
  `created_at` timestamp NOT NULL DEFAULT current_timestamp(),
  `finished_until` timestamp NOT NULL DEFAULT current_timestamp(),
  `accomplished_at` timestamp NULL DEFAULT NULL,
  PRIMARY KEY (`id`),
  KEY `user_id` (`user_id`)
) ENGINE=InnoDB AUTO_INCREMENT=9 DEFAULT CHARSET=utf8mb4;

--
-- Daten für Tabelle `exercise`
--

INSERT INTO `exercise` (`id`, `user_id`, `type`, `created_at`, `finished_until`, `accomplished_at`) VALUES
(1, 1, 'Training', '2023-04-16 23:00:27', '2023-04-16 23:10:27', '2023-04-16 23:09:27'),
(2, 1, 'Training', '2023-04-17 00:00:12', '2023-04-17 00:20:12', '2023-04-17 00:04:12'),
(3, 1, 'Training', '2023-04-18 00:00:24', '2023-04-18 00:30:24', '2023-04-18 00:21:24'),
(4, 1, 'Training', '2023-04-18 00:00:47', '2023-04-18 00:35:47', '2023-04-18 00:30:47'),
(5, 1, 'Training', '2023-04-19 00:01:09', '2023-04-19 00:15:09', '2023-04-19 00:10:09'),
(6, 1, 'Training', '2023-04-20 00:15:06', '2023-04-20 00:45:06', '2023-04-20 00:43:06'),
(7, 1, 'Training', '2023-04-16 00:20:27', '2023-04-16 00:40:27', '2023-04-16 00:34:27'),
(8, 1, 'Training', '2023-04-15 00:40:38', '2023-04-15 00:58:38', '2023-04-15 00:51:38');

-- --------------------------------------------------------

--
-- Tabellenstruktur für Tabelle `question`
--

CREATE TABLE IF NOT EXISTS `question` (
  `id` int(11) UNSIGNED NOT NULL AUTO_INCREMENT,
  `type` enum('text','image','imageonly') NOT NULL,
  `identifier` varchar(32) NOT NULL,
  `question` varchar(255) NOT NULL,
  `image_path` varchar(64) DEFAULT NULL,
  `category_id` int(11) UNSIGNED NOT NULL,
  `fault_points` int(11) UNSIGNED NOT NULL,
  PRIMARY KEY (`id`),
  KEY `category_id` (`category_id`)
) ENGINE=InnoDB AUTO_INCREMENT=1467 DEFAULT CHARSET=utf8mb4;

--
-- Daten für Tabelle `question`
--

INSERT INTO `question` (`id`, `type`, `identifier`, `question`, `image_path`, `category_id`, `fault_points`) VALUES
(1, 'text', '1.1.01-001', 'Was versteht man unter defensivem Fahren? ', NULL, 1, 4),
(2, 'text', '1.1.01-002', 'Was kann zu Auffahrunfällen führen? ', NULL, 1, 4),
(3, 'text', '1.1.01-003', 'Welches Verhalten ist beispielhaft für „Vorausschauendes Fahren“? ', NULL, 1, 2),
(4, 'text', '1.1.01-004', 'Sie sollen ein Ihnen unbekanntes Kraftfahrzeug fahren. Warum müssen Sie dabei zunächst besonders vorsichtig sein? ', NULL, 1, 3),
(5, 'text', '1.1.01-101', 'Sie fahren innerorts hinter einem Fahrzeug mit ortsfremdem Kennzeichen. Was könnte geschehen? ', NULL, 1, 3),
(6, 'text', '1.1.01-102', 'Was sind vermeidbare Behinderungen im fließenden Verkehr? ', NULL, 1, 3),
(7, 'text', '1.1.01-103', 'Warum darf man nicht unnötig langsam fahren? ', NULL, 1, 3),
(8, 'text', '1.1.01-107', 'Welche Anzeichen warnen während der Fahrt vor aufkommender Müdigkeit? ', NULL, 1, 4),
(9, 'text', '1.1.01-108', 'Welche Folgen kann die Missachtung von Müdigkeitsanzeichen nach sich ziehen? ', NULL, 1, 4),
(10, 'text', '1.1.01-109', 'Was ist zu tun, wenn Sie während der Fahrt Anzeichen von Müdigkeit spüren? ', NULL, 1, 4),
(11, 'text', '1.1.01-110', 'Wie wirkt sich Müdigkeit beim Fahren aus? ', NULL, 1, 4),
(12, 'text', '1.1.01-111', 'Wodurch kann eine gefährliche Situation entstehen? ', NULL, 1, 4),
(13, 'text', '1.1.01-112', 'Was kann zum Abkommen von der Fahrbahn führen? ', NULL, 1, 4),
(14, 'text', '1.1.01-113', 'Was führt häufig zu schweren Unfällen? ', NULL, 1, 4),
(15, 'text', '1.1.02-005', 'Mit welchem Verhalten von Kindern müssen Sie an Zebrastreifen rechnen? ', NULL, 1, 5),
(16, 'text', '1.1.02-022', 'Womit ist zu rechnen, wenn Kinder an einer Ampel warten? ', NULL, 1, 4),
(17, 'text', '1.1.02-023', 'Ein Radweg, auf dem eine Gruppe von Kindern fährt, endet. Womit muss gerechnet werden? ', NULL, 1, 4),
(18, 'image', '1.1.02-024-b', 'Was ist hier richtig? ', 'questionimgs/1.1.02-024-B.jpg', 1, 4),
(19, 'image', '1.1.02-026-b', 'Was müssen Sie in dieser Situation beachten? ', 'questionimgs/1.1.02-026-B.jpg', 1, 4),
(20, 'text', '1.1.02-027', 'Womit müssen Sie rechnen, wenn ältere Personen mit Gehhilfe die Fahrbahn überqueren? ', NULL, 1, 4),
(21, 'text', '1.1.02-028', 'Trotz vorhandenen Gehweges auf der rechten Straßenseite fährt eine Person im Rollstuhl auf der Straße. Wie verhalten Sie sich? ', NULL, 1, 4),
(22, 'text', '1.1.02-029', 'Eine Person im Rollstuhl schafft es nach dem Überqueren der Straße nicht, mit dem Rollstuhl den Bordstein zu überwinden, um den Gehweg zu erreichen. Wie verhalten Sie sich? ', NULL, 1, 4),
(23, 'image', '1.1.02-032', 'Bei welcher Person müssen Sie mit einer schweren Sehbehinderung rechnen? ', 'questionimgs/1.1.02-032.jpg', 1, 4),
(24, 'image', '1.1.02-036', 'Wie verhalten Sie sich? ', 'questionimgs/1.1.02-036.jpg', 1, 4),
(25, 'image', '1.1.02-038-m', 'Mit welchen Gefahren müssen Sie rechnen? ', 'questionimgs/1.1.02-038-M.jpg', 1, 4),
(26, 'image', '1.1.02-039-m', 'Wie verhalten Sie sich? ', 'questionimgs/1.1.02-039-M.jpg', 1, 4),
(27, 'image', '1.1.02-040-m', 'Womit müssen Sie rechnen? ', 'questionimgs/1.1.02-040-M.jpg', 1, 5),
(28, 'image', '1.1.02-041-m', 'Mit welchen Gefahren müssen Sie rechnen? ', 'questionimgs/1.1.02-041-M.jpg', 1, 5),
(29, 'image', '1.1.02-042-m', 'Wie sollten Sie sich verhalten? ', 'questionimgs/1.1.02-042-M.jpg', 1, 5),
(30, 'image', '1.1.02-043-m', 'Wie müssen Sie sich verhalten? ', 'questionimgs/1.1.02-043-M.jpg', 1, 5),
(31, 'image', '1.1.02-046-m', 'Welche Fahrzeuge dürfen hier nur mit Schrittgeschwindigkeit und unter Ausschluss jeglicher Gefährdung der Fahrgäste vorbeifahren?', 'questionimgs/1.1.02-046-M.jpg', 1, 4),
(32, 'image', '1.1.02-048-m', 'Wie sollten Sie sich jetzt verhalten? ', 'questionimgs/1.1.02-048-M.jpg', 1, 5),
(35, 'image', '1.1.02-108-b', 'Was müssen Sie in dieser Situation beachten? ', 'questionimgs/1.1.02-108-B.jpg', 1, 4),
(36, 'image', '1.1.02-109-b', 'Was ist in dieser Situation richtig? ', 'questionimgs/1.1.02-109-B.jpg', 1, 4),
(37, 'image', '1.1.02-110-b', 'Was ist in dieser Situation richtig? ', 'questionimgs/1.1.02-110-B.jpg', 1, 4),
(38, 'text', '1.1.02-112', 'In einem Wohngebiet rollt ein Ball vor Ihr Fahrzeug. Wie müssen Sie reagieren? ', NULL, 1, 5),
(39, 'text', '1.1.02-113', 'Sie nähern sich Kindern, die auf dem Gehweg spielen. Wie müssen Sie sich verhalten? ', NULL, 1, 5),
(40, 'image', '1.1.02-114', 'Worauf sollten Sie sich in dieser Situation einstellen? ', 'questionimgs/1.1.02-114.jpg', 1, 4),
(187, 'text', '1.2.01-001', 'Die Teilnahme am Straßenverkehr erfordert ständige Vorsicht und gegenseitige Rücksicht. Was bedeutet das für Sie? ', NULL, 2, 4),
(188, 'text', '1.2.01-003', 'Gegenüber welchen Verkehrsteilnehmern müssen Sie sich besonders vorsichtig verhalten? ', NULL, 2, 4),
(189, 'image', '1.2.02-101-b', 'Wozu darf der rechte Seitenstreifen benutzt werden? ', 'questionimgs/1.2.02-101-B.jpg', 2, 3),
(190, 'image', '1.2.02-104-m', 'Sie haben sich irrtümlich links eingeordnet, möchten aber nach rechts abbiegen. Wie verhalten Sie sich richtig? ', 'questionimgs/1.2.02-104-M.jpg', 2, 4),
(191, 'text', '1.2.02-106', 'Welche Kraftfahrzeuge müssen auf einer Landstraße möglichst den befestigten Seitenstreifen benutzen? ', NULL, 2, 3),
(193, 'text', '1.2.02-108', 'Ihnen kommt eine Pferdekutsche entgegen. Wie sollten Sie sich verhalten? ', NULL, 2, 3),
(194, 'image', '1.2.02-109', 'Was ist in dieser Situation richtig? ', 'questionimgs/1.2.02-109.jpg', 2, 2),
(195, 'text', '1.2.02-110', 'Was müssen Sie beim Überqueren einer Vorfahrtstraße beachten? ', NULL, 2, 2),
(196, 'text', '1.2.02-201', 'Sie fahren innerorts auf einem Radweg, der für Mofas freigegeben ist. Womit sollten Sie rechnen? ', NULL, 2, 4),
(198, 'text', '1.2.03-001', 'Was verlängert den Bremsweg? ', NULL, 2, 4),
(199, 'text', '1.2.03-002', 'Wovon ist der Bremsweg abhängig? ', NULL, 2, 3),
(200, 'text', '1.2.03-103', 'Was müssen Sie bei der Wahl Ihrer Geschwindigkeit berücksichtigen? ', NULL, 2, 4),
(201, 'text', '1.2.03-104', 'Nach welcher Faustformel kann man aus der Geschwindigkeit den Weg in Metern ermitteln, den ein Fahrzeug in einer Sekunde zurücklegt? ', NULL, 2, 2),
(202, 'text', '1.2.03-105', 'Nach welcher Faustformel kann man aus der Geschwindigkeit den Bremsweg in Metern bei einer normalen Bremsung berechnen? ', NULL, 2, 2),
(203, 'text', '1.2.03-106', 'Sie fahren mit 30 km/h. Dabei beträgt der Bremsweg bei einer normalen Bremsung 9 Meter nach der Faustformel. Wie lang ist der Bremsweg unter gleichen Bedingungen bei 60 km/h? ', NULL, 2, 4),
(206, 'text', '1.2.04-101', 'Wovon hängt der einzuhaltende Abstand zum vorausfahrenden Fahrzeug ab? ', NULL, 2, 5),
(209, 'text', '1.2.04-104', 'Wozu kann ein ausreichender Abstand zum vorausfahrenden Fahrzeug beitragen? ', NULL, 2, 3),
(210, 'text', '1.2.05-101', 'Wo ist das Überholen verboten? ', NULL, 2, 4),
(211, 'text', '1.2.05-103', 'Was ist Voraussetzung für das Ausscheren zum Überholen? ', NULL, 2, 4),
(212, 'text', '1.2.05-104', 'Wie müssen Sie einen Überholvorgang beenden? ', NULL, 2, 3),
(213, 'text', '1.2.05-105', 'Was ist über die Geschwindigkeit beim Überholvorgang vorgeschrieben? ', NULL, 2, 4),
(214, 'text', '1.2.05-106', 'Wie müssen Sie sich verhalten, wenn Sie überholt werden? ', NULL, 2, 4),
(215, 'text', '1.2.05-107', 'Auf welcher Seite ist eine Straßenbahn zu überholen, die in der Mitte der Fahrbahn fährt (keine Einbahnstraße)? ', NULL, 2, 3),
(216, 'text', '1.2.05-108', 'In welchen Fällen dürfen Sie eine Straßenbahn links überholen? ', NULL, 2, 3),
(217, 'text', '1.2.05-109', 'Welche Fahrzeuge dürfen nur mit besonders großem Seitenabstand überholt werden? ', NULL, 2, 4),
(218, 'text', '1.2.05-110', 'In welchen Fällen müssen Sie blinken? ', NULL, 2, 3),
(219, 'text', '1.2.05-116', 'Sie fahren ein langsameres Fahrzeug auf einer Landstraße. Wie können Sie schnelleren Fahrzeugen das Überholen ermöglichen? ', NULL, 2, 4),
(220, 'text', '1.2.05-117', 'Was müssen Sie beim Überholen hinsichtlich des Abstandes beachten?', NULL, 2, 4),
(221, 'text', '1.2.05-119', 'Woran können Sie erkennen, dass eine Pferdekutsche die Fahrtrichtung ändern möchte? ', NULL, 2, 3),
(222, 'text', '1.2.05-120', 'Sie möchten eine Pferdekutsche auf einer Landstraße überholen. Wie verhalten Sie sich? ', NULL, 2, 4),
(223, 'text', '1.2.05-123', 'Sie möchten eine Pferdekutsche auf einer Landstraße überholen. Wie verhalten Sie sich richtig? ', NULL, 2, 4),
(224, 'text', '1.2.05-124', 'Welchen Seitenabstand müssen Sie beim Überholen von Fußgängern und Radfahrern einhalten? ', NULL, 2, 4),
(225, 'image', '1.2.05-125-m', 'Was müssen Sie in dieser Situation beim Überholen der Radfahrer beachten? ', 'questionimgs/1.2.05-125-M.jpg', 2, 4),
(226, 'text', '1.2.06-001', 'Welches Fahrzeug muss warten, wenn eine Baustelle die halbe Fahrbahn blockiert? ', NULL, 2, 3),
(419, 'text', '1.3.01-001', 'An welchen Stellen ohne vorfahrtregelnde Verkehrszeichen gilt die Regel „rechts vor links“? ', NULL, 3, 5),
(420, 'text', '1.3.01-002', 'An welchen Stellen ohne vorfahrtregelnde Verkehrszeichen gilt die Regel „rechts vor links“? ', NULL, 3, 5),
(421, 'text', '1.3.01-003', 'Sie kommen an eine Kreuzung, an der Sie die Vorfahrtlage nicht gleich überblicken. Wie verhalten Sie sich? ', NULL, 3, 5),
(422, 'image', '1.3.01-007-m', 'Welches Verhalten ist richtig? ', 'questionimgs/1.3.01-007-M.jpg', 3, 5),
(423, 'image', '1.3.01-013-m', 'Welches Verhalten ist richtig? ', 'questionimgs/1.3.01-013-M.jpg', 3, 5),
(424, 'image', '1.3.01-016-m', 'Welches Verhalten ist richtig? ', 'questionimgs/1.3.01-016-M.jpg', 3, 5),
(425, 'image', '1.3.01-017-m', 'Welches Verhalten ist richtig? ', 'questionimgs/1.3.01-017-M.jpg', 3, 5),
(426, 'image', '1.3.01-018-m', 'Welches Verhalten ist richtig? ', 'questionimgs/1.3.01-018-M.jpg', 3, 5),
(427, 'image', '1.3.01-021-m', 'Welches Verhalten ist richtig? ', 'questionimgs/1.3.01-021-M.jpg', 3, 5),
(428, 'image', '1.3.01-034-m', 'Wie verhalten Sie sich hier richtig? ', 'questionimgs/1.3.01-034-M.jpg', 3, 5),
(429, 'image', '1.3.01-035-m', 'Welches Verhalten ist richtig? ', 'questionimgs/1.3.01-035-M.jpg', 3, 5),
(430, 'image', '1.3.01-038-m', 'Welches Verhalten ist richtig? ', 'questionimgs/1.3.01-038-M.jpg', 3, 5),
(431, 'image', '1.3.01-042-m', 'Welches Verhalten ist richtig? ', 'questionimgs/1.3.01-042-M.jpg', 3, 5),
(432, 'image', '1.3.01-046-m', 'Welches Verhalten ist richtig? ', 'questionimgs/1.3.01-046-M.jpg', 3, 5),
(433, 'image', '1.3.01-048-m', 'Welches Verhalten ist richtig? ', 'questionimgs/1.3.01-048-M.jpg', 3, 5),
(434, 'image', '1.3.01-049-m', 'Welches Verhalten ist richtig? ', 'questionimgs/1.3.01-049-M.jpg', 3, 5),
(435, 'image', '1.3.01-050-m', 'Welches Verhalten ist richtig? ', 'questionimgs/1.3.01-050-M.jpg', 3, 5),
(436, 'image', '1.3.01-052', 'Welches Verhalten ist richtig? ', 'questionimgs/1.3.01-052.jpg', 3, 5),
(437, 'text', '1.3.01-053', 'Sie möchten nach rechts in eine Vorfahrtstraße einbiegen. Worauf müssen Sie achten? ', NULL, 3, 5),
(438, 'image', '1.3.01-055-m', 'Wie verhalten Sie sich richtig? ', 'questionimgs/1.3.01-055-M.jpg', 3, 5),
(439, 'image', '1.3.01-056-m', 'Wie verhalten Sie sich richtig? ', 'questionimgs/1.3.01-056-M.jpg', 3, 5),
(440, 'image', '1.3.01-057-m', 'Wie verhalten Sie sich richtig? ', 'questionimgs/1.3.01-057-M.jpg', 3, 5),
(441, 'image', '1.3.01-058-m', 'Was gilt in dieser Situation? ', 'questionimgs/1.3.01-058-M.jpg', 3, 5),
(442, 'image', '1.3.01-059-m', 'Wer darf zuerst fahren? ', 'questionimgs/1.3.01-059-M.jpg', 3, 5),
(443, 'image', '1.3.01-060-m', 'Welches Verhalten ist richtig? ', 'questionimgs/1.3.01-060-M.jpg', 3, 5),
(444, 'image', '1.3.01-103-m', 'Welches Verhalten ist richtig? ', 'questionimgs/1.3.01-103-M.jpg', 3, 5),
(445, 'image', '1.3.01-112', 'Sie wollen nach links abbiegen. Wer muss warten? ', 'questionimgs/1.3.01-112.jpg', 3, 5),
(446, 'image', '1.3.01-113', 'Welches Verhalten ist richtig? ', 'questionimgs/1.3.01-113.jpg', 3, 5),
(447, 'image', '1.3.01-114-m', 'Welches Verhalten ist richtig? ', 'questionimgs/1.3.01-114-M.jpg', 3, 5),
(448, 'image', '1.3.01-116', 'Welches Verhalten ist richtig? ', 'questionimgs/1.3.01-116.jpg', 3, 5),
(449, 'image', '1.3.01-117-m', 'Welches Verhalten ist richtig? ', 'questionimgs/1.3.01-117-M.jpg', 3, 5),
(450, 'image', '1.3.01-118-m', 'Welches Verhalten ist richtig? ', 'questionimgs/1.3.01-118-M.jpg', 3, 5),
(451, 'text', '1.3.01-119', 'Sie möchten eine Vorfahrtstraße überqueren. Die Sicht nach beiden Seiten ist durch parkende Fahrzeuge stark eingeschränkt. Wie verhalten Sie sich? ', NULL, 3, 5),
(452, 'image', '1.3.01-120-m', 'Welches Verhalten ist richtig? ', 'questionimgs/1.3.01-120-M.jpg', 3, 5),
(453, 'image', '1.3.01-121-m', 'Welches Verhalten ist richtig? ', 'questionimgs/1.3.01-121-M.jpg', 3, 5),
(454, 'image', '1.3.01-122-m', 'Welches Verhalten ist richtig? ', 'questionimgs/1.3.01-122-M.jpg', 3, 5),
(455, 'image', '1.3.01-123-m', 'Welches Verhalten ist richtig? ', 'questionimgs/1.3.01-123-M.jpg', 3, 5),
(456, 'image', '1.3.01-124-m', 'Welches Verhalten ist richtig? ', 'questionimgs/1.3.01-124-M.jpg', 3, 5),
(457, 'image', '1.3.01-125-m', 'Welches Verhalten ist richtig? ', 'questionimgs/1.3.01-125-M.jpg', 3, 5),
(458, 'image', '1.3.01-126-m', 'Welches Verhalten ist richtig? ', 'questionimgs/1.3.01-126-M.jpg', 3, 5),
(459, 'image', '1.3.01-127-m', 'In welcher Reihenfolge müssen die Fahrzeuge hier weiterfahren? ', 'questionimgs/1.3.01-127-M.jpg', 3, 5),
(462, 'image', '1.4.40-001', 'Wie verhalten Sie sich bei diesem Verkehrszeichen? ', 'questionimgs/1.4.40-001.jpg', 4, 4),
(463, 'image', '1.4.40-004', 'Wie verhalten Sie sich bei diesem Verkehrszeichen? ', 'questionimgs/1.4.40-004.jpg', 4, 3),
(464, 'image', '1.4.40-005', 'Sie sehen dieses Verkehrszeichen. Womit müssen Sie rechnen? ', 'questionimgs/1.4.40-005.jpg', 4, 3),
(465, 'image', '1.4.40-006', 'Welches Verhalten verlangt dieses Verkehrszeichen von Ihnen? ', 'questionimgs/1.4.40-006.jpg', 4, 5),
(466, 'image', '1.4.40-009', 'Worauf weist diese Kombination von Verkehrszeichen hin? ', 'questionimgs/1.4.40-009.jpg', 4, 3),
(467, 'image', '1.4.40-010', 'Womit müssen Sie bei diesem Verkehrszeichen rechnen? ', 'questionimgs/1.4.40-010.jpg', 4, 3),
(468, 'image', '1.4.40-011', 'Wie müssen Sie sich bei diesem Verkehrszeichen verhalten? ', 'questionimgs/1.4.40-011.jpg', 4, 3),
(469, 'image', '1.4.40-101', 'Sie fahren außerorts an diesem Verkehrszeichen vorbei. In welcher Entfernung ist die Gefahrstelle zu erwarten? ', 'questionimgs/1.4.40-101.jpg', 4, 2),
(470, 'image', '1.4.40-103', 'Worauf müssen Sie sich bei diesen Verkehrszeichen einstellen? ', 'questionimgs/1.4.40-103.jpg', 4, 3),
(471, 'image', '1.4.40-105', 'Wie verhalten Sie sich bei diesem Verkehrszeichen? ', 'questionimgs/1.4.40-105.jpg', 4, 3),
(472, 'image', '1.4.40-106', 'Was kommt nach diesen Verkehrszeichen? ', 'questionimgs/1.4.40-106.jpg', 4, 2),
(473, 'image', '1.4.40-108', 'Was müssen Sie tun, wenn Sie sich diesem Verkehrszeichen nähern? ', 'questionimgs/1.4.40-108.jpg', 4, 2),
(474, 'image', '1.4.40-109', 'Welche Gefahren können sich durch Nichtbeachten dieses Verkehrszeichens ergeben? ', 'questionimgs/1.4.40-109.jpg', 4, 2),
(475, 'image', '1.4.40-112', 'Wovor warnt dieses Verkehrszeichen? ', 'questionimgs/1.4.40-112.jpg', 4, 3),
(476, 'image', '1.4.40-114', 'Wie verhalten Sie sich bei diesem Verkehrszeichen? ', 'questionimgs/1.4.40-114.jpg', 4, 3),
(477, 'image', '1.4.40-115', 'Womit müssen Sie bei diesen Verkehrszeichen rechnen? ', 'questionimgs/1.4.40-115.jpg', 4, 2),
(478, 'image', '1.4.40-116', 'Womit müssen Sie bei diesem Verkehrszeichen rechnen? ', 'questionimgs/1.4.40-116.jpg', 4, 2),
(479, 'image', '1.4.40-118', 'Womit müssen Sie bei diesem Verkehrszeichen rechnen? ', 'questionimgs/1.4.40-118.jpg', 4, 3),
(480, 'image', '1.4.40-121', 'Worauf weist dieses Verkehrszeichen hin? ', 'questionimgs/1.4.40-121.jpg', 4, 2),
(481, 'image', '1.4.40-127', 'Worauf weisen diese Verkehrszeichen hin? ', 'questionimgs/1.4.40-127.jpg', 4, 2),
(482, 'image', '1.4.40-130', 'Worauf weist dieses Verkehrszeichen hin? ', 'questionimgs/1.4.40-130.jpg', 4, 2),
(483, 'image', '1.4.40-131', 'Worauf weist dieses Verkehrszeichen hin? ', 'questionimgs/1.4.40-131.jpg', 4, 2),
(484, 'image', '1.4.40-132', 'Worauf weist diese Verkehrszeichenkombination hin? ', 'questionimgs/1.4.40-132.jpg', 4, 2),
(485, 'image', '1.4.40-135', 'Was müssen Sie bei dieser Verkehrszeichenkombination beachten? ', 'questionimgs/1.4.40-135.jpg', 4, 2),
(486, 'image', '1.4.40-136', 'Was erwartet Sie bei dieser Verkehrszeichenkombination? ', 'questionimgs/1.4.40-136.jpg', 4, 2),
(487, 'image', '1.4.40-142', 'Worauf weist dieses Verkehrszeichen hin? ', 'questionimgs/1.4.40-142.jpg', 4, 3),
(488, 'image', '1.4.40-143', 'Womit müssen Sie bei diesem Verkehrszeichen rechnen? ', 'questionimgs/1.4.40-143.jpg', 4, 3),
(489, 'image', '1.4.40-144', 'Womit müssen Sie bei diesem Verkehrszeichen rechnen? ', 'questionimgs/1.4.40-144.jpg', 4, 4),
(490, 'image', '1.4.40-147', 'Worauf weist dieses Verkehrszeichen hin? ', 'questionimgs/1.4.40-147.jpg', 4, 3),
(491, 'image', '1.4.40-148', 'Worauf weist dieses Verkehrszeichen hin? ', 'questionimgs/1.4.40-148.jpg', 4, 3),
(492, 'image', '1.4.40-149', 'Womit müssen Sie bei diesem Verkehrszeichen rechnen? ', 'questionimgs/1.4.40-149.jpg', 4, 3),
(493, 'image', '1.4.40-150', 'Wie sollten Sie sich bei einer so gekennzeichneten Gefahrstelle verhalten? ', 'questionimgs/1.4.40-150.jpg', 4, 3),
(494, 'image', '1.4.40-151', 'Worauf weist dieses Verkehrszeichen hin? ', 'questionimgs/1.4.40-151.jpg', 4, 2),
(495, 'image', '1.4.40-152', 'Was haben Sie bei diesem Verkehrszeichen zu beachten? ', 'questionimgs/1.4.40-152.jpg', 4, 2),
(496, 'image', '1.4.40-153', 'Was haben Sie bei diesem Verkehrszeichen zu beachten? ', 'questionimgs/1.4.40-153.jpg', 4, 3),
(497, 'image', '1.4.40-154', 'Womit müssen Sie bei diesem Verkehrszeichen rechnen? ', 'questionimgs/1.4.40-154.jpg', 4, 2),
(498, 'image', '1.4.40-156', 'Sie fahren ein Kraftfahrzeug mit manuellem Schaltgetriebe. Was müssen Sie bei diesem Verkehrszeichen berücksichtigen? ', 'questionimgs/1.4.40-156.jpg', 4, 3),
(499, 'image', '1.4.40-157', 'Sie fahren ein Kraftfahrzeug mit manuellem Schaltgetriebe. Wie verhalten Sie sich bei diesem Verkehrszeichen richtig? ', 'questionimgs/1.4.40-157.jpg', 4, 2),
(500, 'image', '1.4.41-001', 'In welchem Fall müssen Sie vor diesem Verkehrszeichen warten? ', 'questionimgs/1.4.41-001.jpg', 4, 3),
(501, 'image', '1.4.41-004', 'Wie verhalten Sie sich bei diesem Verkehrszeichen? ', 'questionimgs/1.4.41-004.jpg', 4, 2),
(502, 'image', '1.4.41-005', 'Wie verhalten Sie sich bei diesem Verkehrszeichen? ', 'questionimgs/1.4.41-005.jpg', 4, 2),
(603, 'text', '1.5.01-004', 'Wie wirkt sich eine wesentliche Unterschreitung des empfohlenen Reifendrucks aus? ', NULL, 5, 3),
(604, 'text', '1.5.01-005', 'Wann sollten Sie den Motor abstellen, um Kraftstoff zu sparen und die Umweltbelastung zu vermindern? ', NULL, 5, 3),
(605, 'text', '1.5.01-006', 'Ihr Kraftfahrzeug verliert etwas Öl. Wie viel Trinkwasser kann bereits durch einen Tropfen Öl ungenießbar werden? ', NULL, 5, 4),
(606, 'text', '1.5.01-007', 'Was soll man beim Tanken beachten? ', NULL, 5, 3),
(607, 'text', '1.5.01-008', 'An einem Fahrzeug sind Motor und Schalldämpfer „frisiert“. Welche Folgen kann das haben? ', NULL, 5, 3),
(608, 'text', '1.5.01-010', 'Wo können Altöle, Schmierstoffe und Fahrzeugbatterien einer fachgerechten Entsorgung zugeführt werden? ', NULL, 5, 3),
(609, 'text', '1.5.01-014', 'Welche Maßnahmen tragen zur Umweltschonung bei? ', NULL, 5, 3),
(610, 'text', '1.5.01-016', 'Wozu kann eine regelmäßige Fahrzeugwartung beitragen? ', NULL, 5, 3),
(611, 'text', '1.5.01-110', 'Wie fahren Sie umweltbewusst? ', NULL, 5, 3),
(612, 'text', '1.5.01-114', 'Was kann dazu beitragen, Kraftstoff zu sparen und die Umweltbelastung zu verringern? ', NULL, 5, 3),
(613, 'text', '1.5.01-115', 'Was können Sie tun, um die Umwelt zu schonen? ', NULL, 5, 3),
(614, 'text', '1.5.01-118', 'Warum ist die Nutzung von Leichtlaufölen vorteilhaft? ', NULL, 5, 3),
(615, 'text', '1.5.01-120', 'Wie können Sie Kraftstoff sparen? ', NULL, 5, 3),
(616, 'text', '1.5.01-121', 'Wie können Sie den Reifenverschleiß gering halten? ', NULL, 5, 3),
(617, 'text', '1.5.01-122', 'Welche Kraftfahrzeuge sind vom Verkehrsverbot für „Umweltzonen“ grundsätzlich ausgenommen? ', NULL, 5, 3),
(618, 'text', '1.5.01-123', 'Wann ist es sinnvoll, einen Verbrennungsmotor abzustellen? ', NULL, 5, 3),
(619, 'text', '1.5.01-124', 'Sie fahren zur Hauptverkehrszeit im Stadtverkehr. Welche Auswirkung hat das Fahren im Stop-and-go-Verkehr? ', NULL, 5, 3),
(620, 'text', '1.5.01-125', 'Was ist eine Voraussetzung für umweltschonendes und energiesparendes Fahren? ', NULL, 5, 3),
(621, 'text', '1.5.01-126', 'Sie fahren ein Kraftfahrzeug mit manuellem Schaltgetriebe. Welche Fahrweise führt innerorts zu einem hohen Kraftstoffverbrauch? ', NULL, 5, 3),
(622, 'text', '1.5.01-127', 'Sie fahren ein Kraftfahrzeug mit manuellem Schaltgetriebe. Wodurch können Sie den Kraftstoffverbrauch Ihres Fahrzeugs reduzieren? ', NULL, 5, 3),
(623, 'text', '1.5.01-128', 'Wie können Sie den Lärm verringern, der durch Ihr Kraftfahrzeug verursacht wird? ', NULL, 5, 3),
(624, 'text', '1.5.01-129', 'Was sollten Sie tun, um die Umwelt zu schonen? ', NULL, 5, 3),
(625, 'text', '1.5.01-130', 'Sie fahren ein Kraftfahrzeug mit manuellem Schaltgetriebe. Wodurch kann beim Fahren eine vermeidbare Lärmbelästigung entstehen? ', NULL, 5, 3),
(626, 'text', '1.5.01-131', 'Sie fahren ein Kraftfahrzeug mit manuellem Schaltgetriebe auf ebener Fahrbahn. Wie sollten Sie schalten, um besonders umweltbewusst und sparsam zu fahren? ', NULL, 5, 3),
(627, 'text', '1.5.01-132', 'Sie fahren ein Kraftfahrzeug mit manuellem Schaltgetriebe. Welches Verhalten belastet die Umwelt? ', NULL, 5, 3),
(628, 'text', '1.5.01-133', 'Sie fahren ein Kraftfahrzeug mit manuellem Schaltgetriebe. Wodurch erreichen Sie einen sparsamen Kraftstoffverbrauch? ', NULL, 5, 3),
(629, 'text', '1.5.01-134', 'Worauf sollten Sie nach dem Starten Ihres Fahrzeugs achten? ', NULL, 5, 3),
(630, 'text', '1.7.01-003', 'Wodurch wird die Größe der Fliehkraft in Kurven beeinflusst? ', NULL, 6, 3),
(631, 'text', '1.7.01-006', 'Nässe kann die Wirkung von Trommelbremsen beeinträchtigen. Was sollten Sie dann tun? ', NULL, 6, 3),
(633, 'text', '2.1.01-001', 'Was kann in Kurven zum Schleudern führen? ', NULL, 8, 3),
(634, 'text', '2.1.01-004', 'Wodurch kann eine Gefährdung entstehen? ', NULL, 8, 4),
(635, 'text', '2.1.01-006', 'Wodurch ergeben sich besondere Gefahren für Kraftradfahrer? ', NULL, 8, 4),
(637, 'text', '2.1.01-102', 'Wozu führt das Hören von lauter Musik, vor allem mit extremen Bässen, im Auto? ', NULL, 8, 4),
(638, 'text', '2.1.01-103', 'Wodurch kann eine Gefährdung beim Fahren entstehen? ', NULL, 8, 4),
(639, 'text', '2.1.02-002', 'Sie fahren auf einer schmalen Straße. Etwa 20 m vor Ihnen läuft plötzlich ein Kind auf die Fahrbahn. Wann ist ein Zusammenprall trotz Gefahrbremsung unvermeidbar? ', NULL, 8, 4),
(641, 'text', '2.1.03-001', 'Womit müssen Sie rechnen, wenn Sie mit hoher Geschwindigkeit auf dem linken Fahrstreifen einer Autobahn fahren? ', NULL, 8, 4),
(642, 'text', '2.1.03-003', 'Worauf müssen Sie sich einstellen, wenn es nach längerer Trockenheit anfängt zu regnen? ', NULL, 8, 4),
(643, 'text', '2.1.03-005', 'Was kann eintreten, wenn Sie eine Linkskurve nahe der markierten Mittellinie durchfahren? ', NULL, 8, 4),
(644, 'text', '2.1.03-007', 'Welche Gefahren bestehen auf nassem Kopfsteinpflaster? ', NULL, 8, 3),
(645, 'text', '2.1.03-009', 'Worauf müssen Sie bei Regen besonders achten? ', NULL, 8, 3),
(646, 'text', '2.1.03-011', 'Was müssen Sie beachten, wenn in Ihrem Fahrstreifen Straßenbahnschienen liegen? ', NULL, 8, 4),
(647, 'text', '2.1.03-012', 'Wodurch kann in Kurven Sturzgefahr entstehen? ', NULL, 8, 3),
(648, 'text', '2.1.03-013', 'Wodurch kann in Kurven Sturzgefahr entstehen? ', NULL, 8, 3),
(649, 'text', '2.1.03-014', 'Wann müssen Sie die Bremsen besonders vorsichtig betätigen? ', NULL, 8, 3),
(650, 'text', '2.1.03-015', 'Was kann auf nasser Fahrbahn zu Aquaplaning (Wasserglätte) führen? ', NULL, 8, 5),
(651, 'image', '2.1.03-017-b', 'Warum kann das Überholen hier gefährlich sein? ', 'questionimgs/2.1.03-017-B.jpg', 8, 4),
(652, 'text', '2.1.03-018', 'Wie müssen Sie sich verhalten, wenn Ihr Fahrzeug von starkem Seitenwind erfasst wird? ', NULL, 8, 4),
(653, 'text', '2.1.03-020', 'Wann kann starker Seitenwind besonders gefährlich werden? ', NULL, 8, 4),
(654, 'image', '2.1.03-021-b', 'Womit müssen Sie hier rechnen? ', 'questionimgs/2.1.03-021-B.jpg', 8, 4),
(655, 'image', '2.1.03-022-b', 'Es herrscht starker Seitenwind von rechts. Wann sind Sie beim Überholen besonders gefährdet? ', 'questionimgs/2.1.03-022-B.jpg', 8, 4),
(656, 'text', '2.1.03-023', 'Warum müssen Sie bei starkem Regen die Geschwindigkeit verringern? ', NULL, 8, 5),
(657, 'image', '2.1.03-024-b', 'Was beeinträchtigt hier die Verkehrssicherheit? ', 'questionimgs/2.1.03-024-B.jpg', 8, 4),
(658, 'text', '2.1.03-025', 'Wozu kann eine plötzliche Verschlechterung des Fahrbahnzustandes führen? ', NULL, 8, 3),
(659, 'text', '2.1.03-027', 'Welche Besonderheiten ergeben sich beim Befahren von Alleen? ', NULL, 8, 4),
(663, 'image', '2.1.03-031-m', 'Worauf sollten Sie sich hier einstellen? ', 'questionimgs/2.1.03-031-M.jpg', 8, 3),
(664, 'text', '2.1.03-032', 'Sie befahren unerwartet einen geraden Straßenabschnitt mit Rollsplitt. Wie verhalten Sie sich richtig? ', NULL, 8, 4),
(666, 'text', '2.1.03-034', 'Was kann Aquaplaning (Wasserglätte) zur Folge haben? ', NULL, 8, 4),
(667, 'text', '2.1.03-035', 'Es herrscht starker Seitenwind. Wann besteht die Gefahr, dass Ihr Motorrad bei hoher Geschwindigkeit seitlich versetzt wird? ', NULL, 8, 3),
(668, 'text', '2.1.03-101', 'Wo tritt besonders häufig Aquaplaning (Wasserglätte) auf? ', NULL, 8, 5),
(669, 'text', '2.1.03-103', 'Worauf müssen Sie sich einstellen, wenn es nach längerer Trockenheit anfängt zu regnen? ', NULL, 8, 4),
(670, 'text', '2.1.03-104', 'Es fängt an zu regnen. Warum müssen Sie den Sicherheitsabstand sofort vergrößern? ', NULL, 8, 4),
(671, 'text', '2.1.03-105', 'Sie fahren außerorts bei dichtem Nebel auf einer Bundesstraße. Dürfen Sie auf der Fahrbahnmitte ständig über der Leitlinie fahren? ', NULL, 8, 4),
(672, 'text', '2.1.03-106', 'Was müssen Sie am Tage bei einer plötzlich auftretenden Nebelbank tun? ', NULL, 8, 4),
(673, 'text', '2.1.03-107', 'Wie können Sie ausreichende Sicht durch die Frontscheibe erhalten? ', NULL, 8, 3),
(825, 'text', '2.2.02-001', 'Sie wollen auf einer Straße mit einem Fahrstreifen für jede Richtung nach links abbiegen. Wo müssen Sie sich einordnen? ', NULL, 9, 3),
(826, 'text', '2.2.02-002', 'Dürfen Sie mit Ihrem Mofa einen Gehweg benutzen? ', NULL, 9, 3),
(827, 'text', '2.2.02-003', 'Bei „Rot“ warten vor einer Ampel mehrere Pkws auf dem rechten Fahrstreifen. Dürfen Sie die Pkws vorsichtig rechts überholen? ', NULL, 9, 3),
(828, 'text', '2.2.02-006', 'Sie fahren außerorts auf einer Straße mit drei markierten Fahrstreifen in jeder Fahrtrichtung. Auf dem rechten Fahrstreifen fahren in größeren Abständen einzelne, langsamere Fahrzeuge. Welchen Fahrstreifen dürfen Sie durchgängig befahren? ', NULL, 9, 3),
(829, 'text', '2.2.02-007', 'Welche Gefahren können entstehen, wenn Sie rechts neben einem Lkw fahren? ', NULL, 9, 4),
(830, 'image', '2.2.02-008', 'Was gilt für Sie an der nächsten Kreuzung? ', 'questionimgs/2.2.02-008.jpg', 9, 3),
(832, 'text', '2.2.02-010', 'Welche Radwege dürfen Sie mit Ihrem Mofa befahren? ', NULL, 9, 3),
(833, 'text', '2.2.02-201', 'Für welche Kraftfahrzeuge oder Fahrzeugkombinationen, die für den Güterkraftverkehr bestimmt sind oder eingesetzt werden, muss auf Bundesfernstraßen eine Benutzungsgebühr entrichtet werden? ', NULL, 9, 2),
(834, 'text', '2.2.02-302', 'Sie fahren mit Ihrer landwirtschaftlichen Zugmaschine mit 30 km/h auf einer Landstraße mit befestigtem rechten Seitenstreifen. Was ist richtig? ', NULL, 9, 3),
(835, 'text', '2.2.02-303', 'Welche Gefahren können entstehen, wenn Sie rechts neben einem Lkw fahren? ', NULL, 9, 4),
(836, 'text', '2.2.03-001', 'Auf der Fahrbahn hat sich eine breite Wasserlache gebildet. Wie verhalten Sie sich? ', NULL, 9, 3),
(837, 'text', '2.2.03-005', 'Sie fahren bei Nebel auf der Autobahn und haben 50 m Sicht. Wie schnell dürfen Sie höchstens fahren? ', NULL, 9, 4),
(838, 'text', '2.2.03-015', 'Wie lautet die Faustformel, um den Bremsweg einer Gefahrbremsung auf ebener, trockener und asphaltierter Fahrbahn auszurechnen? ', NULL, 9, 4),
(839, 'text', '2.2.03-016', 'Sie fahren 40 km/h. Bei einer Gefahrbremsung beträgt der Bremsweg ca. 8 Meter. Wie lang ist der Bremsweg unter sonst gleichen Bedingungen bei 50 km/h? ', NULL, 9, 4),
(840, 'text', '2.2.03-023', 'Sie fahren bei guter Sicht auf einer gut ausgebauten Straße. Innerhalb welcher Strecke müssen Sie anhalten können? ', NULL, 9, 4),
(841, 'text', '2.2.03-303', 'Sie haben auf einer Landstraße abgeblendet. Innerhalb welcher Strecke müssen Sie anhalten können?', NULL, 9, 4),
(842, 'text', '2.2.03-304', 'Für welche Kraftfahrzeuge gilt auf Autobahnen die Richtgeschwindigkeit? ', NULL, 9, 3),
(843, 'text', '2.2.03-305', 'Auf welchen Straßen gilt die Richtgeschwindigkeit von 130 km/h? ', NULL, 9, 3),
(1185, 'image', '2.4.40-002', 'Wie verhalten Sie sich auf einer Autobahn bei diesem Verkehrszeichen? ', 'questionimgs/2.4.40-002.jpg', 10, 4),
(1186, 'image', '2.4.40-003', 'Wie müssen Sie sich bei diesem Verkehrszeichen verhalten? ', 'questionimgs/2.4.40-003.jpg', 10, 3),
(1187, 'image', '2.4.40-004', 'Wie verhalten Sie sich im Bereich dieser Gefahrstrecke? ', 'questionimgs/2.4.40-004.jpg', 10, 3),
(1188, 'image', '2.4.40-005', 'Worauf müssen Sie sich bei diesem Verkehrszeichen einstellen? ', 'questionimgs/2.4.40-005.jpg', 10, 3),
(1189, 'image', '2.4.40-006', 'Worauf müssen Sie sich bei diesem Verkehrszeichen einstellen? ', 'questionimgs/2.4.40-006.jpg', 10, 3),
(1190, 'image', '2.4.40-007', 'Womit sollten Sie bei diesem Verkehrszeichen rechnen? ', 'questionimgs/2.4.40-007.jpg', 10, 3),
(1191, 'image', '2.4.40-201', 'Womit müssen Sie bei diesem Verkehrszeichen rechnen? ', 'questionimgs/2.4.40-201.jpg', 10, 3),
(1192, 'image', '2.4.41-001', 'Was ist ab diesem Verkehrszeichen richtig? ', 'questionimgs/2.4.41-001.jpg', 10, 3),
(1193, 'image', '2.4.41-003', 'Bei Ihrem Lkw von 10 m Länge ragt die Ladung 60 cm über die hintere Fahrzeugbegrenzung hinaus. Was gilt für Sie bei diesem Verkehrszeichen? ', 'questionimgs/2.4.41-003.jpg', 10, 3),
(1194, 'image', '2.4.41-004-m', 'Sie fahren auf dieser Autobahn. Wie verhalten Sie sich richtig? ', 'questionimgs/2.4.41-004-M.jpg', 10, 3),
(1195, 'image', '2.4.41-101', 'Was müssen Sie bei diesem Verkehrszeichen beachten? ', 'questionimgs/2.4.41-101.jpg', 10, 2),
(1196, 'image', '2.4.41-104', 'Für welche Fahrzeuge ist das Befahren einer so beschilderten Straße verboten? ', 'questionimgs/2.4.41-104.jpg', 10, 2),
(1197, 'image', '2.4.41-105', 'Worauf weist dieses Verkehrszeichen hin? ', 'questionimgs/2.4.41-105.jpg', 10, 2),
(1198, 'image', '2.4.41-106', 'Durch welche Fahrzeuge können bei Missachtung dieses Verkehrszeichens schwere Unfälle entstehen? ', 'questionimgs/2.4.41-106.jpg', 10, 3),
(1199, 'image', '2.4.41-107', 'Mit welchen Fahrzeugen dürfen Sie eine so gekennzeichnete Straße nicht befahren? ', 'questionimgs/2.4.41-107.jpg', 10, 2),
(1200, 'image', '2.4.41-201', 'Welche Fahrzeuge dürfen eine so gekennzeichnete Straße nicht befahren? ', 'questionimgs/2.4.41-201.jpg', 10, 2),
(1201, 'image', '2.4.41-202', 'Welche Fahrzeuge müssen hier den Mindestabstand von 70 m einhalten? ', 'questionimgs/2.4.41-202.jpg', 10, 2),
(1202, 'image', '2.4.41-203', 'Welche Fahrzeuge dürfen hier nicht überholen? ', 'questionimgs/2.4.41-203.jpg', 10, 3),
(1203, 'image', '2.4.41-204', 'Worauf weist dieses Verkehrszeichen hin? ', 'questionimgs/2.4.41-204.jpg', 10, 3),
(1204, 'image', '2.4.41-205', 'Sie möchten in die so beschilderte Straße einfahren. Worauf bezieht sich die Angabe „12 t“? ', 'questionimgs/2.4.41-205.jpg', 10, 2),
(1205, 'image', '2.4.41-206', 'Worauf bezieht sich die Angabe „12 t“ bei diesem Verkehrszeichen? ', 'questionimgs/2.4.41-206.jpg', 10, 2),
(1208, 'image', '2.4.42-001', 'Worauf weist dieses Verkehrszeichen hin? ', 'questionimgs/2.4.42-001.jpg', 10, 2),
(1209, 'image', '2.4.42-002', 'Worauf weist dieses Verkehrszeichen hin? ', 'questionimgs/2.4.42-002.jpg', 10, 2),
(1210, 'image', '2.4.42-004', 'Worauf weisen solche Verkehrszeichen hin? ', 'questionimgs/2.4.42-004.jpg', 10, 2),
(1211, 'image', '2.4.42-005', 'Worauf weist die Zahl „26“ in diesem Verkehrszeichen hin? ', 'questionimgs/2.4.42-005.jpg', 10, 2),
(1212, 'image', '2.4.42-006', 'Worauf weist dieses Verkehrszeichen hin? ', 'questionimgs/2.4.42-006.jpg', 10, 2),
(1213, 'image', '2.4.42-007', 'Was gilt nach diesem Verkehrszeichen? ', 'questionimgs/2.4.42-007.jpg', 10, 3),
(1214, 'image', '2.4.42-101', 'Was gilt nach diesem Verkehrszeichen? ', 'questionimgs/2.4.42-101.jpg', 10, 3),
(1215, 'image', '2.4.42-102', 'Wie darf hier mit Fahrzeugen bis 2,8 t zulässiger Gesamtmasse geparkt werden? ', 'questionimgs/2.4.42-102.jpg', 10, 2),
(1216, 'image', '2.4.42-103', 'Worauf weist dieses Verkehrszeichen hin? ', 'questionimgs/2.4.42-103.jpg', 10, 2),
(1217, 'image', '2.4.42-104', 'Worauf weist dieses Verkehrszeichen hin? ', 'questionimgs/2.4.42-104.jpg', 10, 2),
(1218, 'image', '2.4.42-105', 'Worauf weist dieses Verkehrszeichen hin? ', 'questionimgs/2.4.42-105.jpg', 10, 2),
(1219, 'image', '2.4.42-106', 'Worauf weist dieses Verkehrszeichen hin? ', 'questionimgs/2.4.42-106.jpg', 10, 2),
(1220, 'image', '2.4.42-107', 'Worauf weist dieses Verkehrszeichen hin? ', 'questionimgs/2.4.42-107.jpg', 10, 3),
(1221, 'image', '2.4.42-108', 'Sie führen einen mautpflichtigen Lkw und nähern sich dem dargestellten Verkehrszeichen. Wie verhalten Sie sich? ', 'questionimgs/2.4.42-108.jpg', 10, 3),
(1222, 'image', '2.4.43-002', 'Sie brauchen Hilfe auf der Autobahn. Welche Information gibt Ihnen dafür der Pfeil am Leitpfosten? ', 'questionimgs/2.4.43-002.jpg', 10, 2),
(1223, 'text', '2.5.01-001', 'Was können Sie tun, damit kein unnötiger Lärm entsteht? ', NULL, 11, 3),
(1224, 'text', '2.5.01-006', 'Wodurch wird vermeidbarer Lärm verursacht? ', NULL, 11, 3),
(1225, 'text', '2.5.01-007', 'Warum ist scharfes Anfahren zu vermeiden? ', NULL, 11, 3),
(1226, 'text', '2.5.01-011', 'Was hat das Fahren mit Winterreifen in den Sommermonaten zur Folge? ', NULL, 11, 3),
(1227, 'image', '2.5.01-012', 'Welche Kraftfahrzeuge dürfen in die so gekennzeichnete Umweltzone einfahren? ', 'questionimgs/2.5.01-012.jpg', 11, 3),
(1228, 'text', '2.5.01-013', 'Sie möchten Ihr Fahrzeug waschen. Wo sollten Sie dies im Interesse des Umweltschutzes tun? ', NULL, 11, 3),
(1229, 'text', '2.5.01-014', 'Was erhöht den Kraftstoffverbrauch Ihres Fahrzeugs deutlich? ', NULL, 11, 3),
(1230, 'text', '2.5.01-015', 'Was kann den Kraftstoffverbrauch eines Nutzfahrzeugs verringern? ', NULL, 11, 3),
(1231, 'text', '2.5.01-016', 'Welche Auswirkungen hat das Fahren mit hoher Geschwindigkeit bei Kraftfahrzeugen mit Verbrennungsmotor? ', NULL, 11, 3),
(1232, 'text', '2.5.01-017', 'Wie können Sie beim Betrieb eines Kraftrads unnötigen Lärm vermeiden? ', NULL, 11, 3),
(1233, 'text', '2.5.01-102', 'Was müssen Sie über Katalysatoren wissen? ', NULL, 11, 3),
(1234, 'text', '2.5.01-105', 'Wodurch können Sie die Umweltbelastung verringern? ', NULL, 11, 3),
(1235, 'text', '2.5.01-106', 'Wodurch erhöht sich der Kraftstoffverbrauch Ihres Pkws? ', NULL, 11, 3),
(1236, 'text', '2.5.01-107', 'Wie können Sie Kraftstoff sparen? ', NULL, 11, 3),
(1237, 'text', '2.5.01-108', 'Was ist aus Gründen des Umweltschutzes zu unterlassen? ', NULL, 11, 3),
(1238, 'text', '2.5.01-109', 'Welches Verhalten ist umweltbewusst? ', NULL, 11, 3),
(1239, 'text', '2.5.01-111', 'Wie kann Lärm vermindert werden? ', NULL, 11, 3),
(1240, 'text', '2.5.01-116', 'Wann dürfen Sie in eine Umweltzone einfahren?', NULL, 11, 4),
(1241, 'text', '2.5.01-117', 'Wo ist die Feinstaub-Plakette zur Kennzeichnung schadstoffarmer Fahrzeuge anzubringen? ', NULL, 11, 4),
(1242, 'text', '2.5.01-119', 'Wo können Sie Ihr Gepäck unterbringen, um den Kraftstoffverbrauch nicht unnötig zu erhöhen? ', NULL, 11, 3),
(1243, 'text', '2.5.01-120', 'Reifenabrieb belastet die Umwelt. Wie können Sie diese Belastung verringern? ', NULL, 11, 3),
(1244, 'text', '2.5.01-121', 'Welche Maßnahme kann zum umweltschonenden Fahren beitragen? ', NULL, 11, 3),
(1245, 'text', '2.5.01-122', 'Wodurch können Sie Kraftstoff sparen, wenn Sie einen Pkw mit Automatikgetriebe fahren? ', NULL, 11, 3),
(1246, 'text', '2.5.01-123', 'Welche Pkws, die eine ausgewiesene Umweltzone befahren, unterliegen der Kennzeichnungspflicht mit einer Feinstaub-Plakette? ', NULL, 11, 3),
(1247, 'text', '2.5.01-124', 'Welche Auswirkung kann das Hören sehr lauter Musik beim Autofahren haben? ', NULL, 11, 3),
(1248, 'text', '2.5.01-125', 'Der Luftwiderstand wirkt sich auf den Kraftstoffverbrauch eines Fahrzeugs aus. Was beeinflusst den Luftwiderstand am stärksten? ', NULL, 11, 3),
(1249, 'text', '2.5.01-126', 'Sie müssen wegen geschlossener Bahnschranken warten. Wie können Sie dabei die Umwelt schonen? ', NULL, 11, 3),
(1250, 'text', '2.5.01-202', 'Wodurch können Sie unnötigen Lärm vermeiden? ', NULL, 11, 3),
(1251, 'text', '2.5.01-203', 'Was kann Lärmbelästigungen verursachen? ', NULL, 11, 3),
(1252, 'image', '2.5.01-205', 'Welche Kraftfahrzeuge dürfen eine so beschilderte Straße befahren? ', 'questionimgs/2.5.01-205.jpg', 11, 4),
(1253, 'text', '2.5.01-206', 'Wie können Sie Lärm vermindern? ', NULL, 11, 3),
(1254, 'text', '2.5.01-207', 'Wie können Sie bereits bei der Planung Ihrer Fahrten zum Umweltschutz beitragen? ', NULL, 11, 3),
(1255, 'text', '2.5.01-208', 'Wie durchfahren Sie sicher eine Gefällestrecke? ', NULL, 11, 3),
(1256, 'text', '2.5.01-209', 'Welche Kraftfahrzeuge dürfen ohne Feinstaub-Plakette in eine Umweltzone einfahren? ', NULL, 11, 3),
(1257, 'text', '2.5.01-210', 'An welchen Herstellerangaben können Sie erkennen, ob Ihr Kraftfahrzeug umweltfreundlich ist? ', NULL, 11, 3),
(1258, 'text', '2.5.01-211', 'Warum sind Kurzstreckenfahrten mit kaltem Motor besonders umweltschädlich? ', NULL, 11, 3),
(1259, 'text', '2.5.01-212', 'Wodurch entsteht vermeidbarer Lärm? ', NULL, 11, 3),
(1260, 'text', '2.5.01-213', 'Warum trägt der Eco-Roll-Modus bei Nutzfahrzeugen zur Reduzierung des Kraftstoffverbrauchs bei? ', NULL, 11, 3),
(1261, 'text', '2.6.01-001', 'Wann müssen Motorräder zur Hauptuntersuchung? ', NULL, 12, 2),
(1262, 'text', '2.6.01-003', 'Woran können Sie erkennen, wann Sie Ihr Fahrzeug zur nächsten Hauptuntersuchung vorführen müssen? ', NULL, 12, 2),
(1263, 'text', '2.6.01-106', 'Sie haben Ihren zugelassenen Wohnanhänger während des Winterhalbjahres auf einem Campingplatz abgestellt. Was gilt hinsichtlich der Hauptuntersuchung? ', NULL, 12, 2),
(1264, 'text', '2.6.01-205', 'Sie sollen einen Lkw mit einer zulässigen Gesamtmasse von 18 t zur Hauptuntersuchung vorführen. Welche Fahrzeugdokumente benötigen Sie?', NULL, 12, 2),
(1265, 'text', '2.6.01-206', 'Sie sollen einen Kraftomnibus zur Sicherheitsprüfung vorführen. Welche Fahrzeugdokumente benötigen Sie?', NULL, 12, 2),
(1266, 'text', '2.6.01-207', 'Sie sollen einen Anhänger mit einer zulässigen Gesamtmasse von 18 t zur Hauptuntersuchung vorführen. Welche Fahrzeugdokumente benötigen Sie?', NULL, 12, 2),
(1267, 'text', '2.6.01-208', 'Was wird im Prüfbuch eingetragen?', NULL, 12, 2),
(1268, 'text', '2.6.01-209', 'Woran können Sie erkennen, wann Ihr Fahrzeug zur nächsten Sicherheitsprüfung vorgeführt werden muss? ', NULL, 12, 2),
(1272, 'text', '2.6.02-002', 'Welche Veränderungen können zum Erlöschen der Betriebserlaubnis führen? ', NULL, 12, 2),
(1273, 'text', '2.6.02-003', 'Welche Veränderungen können zum Erlöschen der Betriebserlaubnis führen? ', NULL, 12, 2),
(1274, 'text', '2.6.02-005', 'Welche Veränderungen können zum Erlöschen der Betriebserlaubnis führen? ', NULL, 12, 2),
(1275, 'text', '2.6.02-007', 'Sie besitzen die Fahrerlaubnis der Klasse A1. Welches der beschriebenen Krafträder dürfen Sie fahren? ', NULL, 12, 3),
(1276, 'text', '2.6.02-010', 'Was ist vorgeschrieben, wenn die Haftpflichtversicherung Ihres Fahrzeugs erloschen ist? ', NULL, 12, 3),
(1277, 'text', '2.6.02-011', 'Wann dürfen Sie mit einem Mofa auf öffentlichen Straßen nicht fahren? ', NULL, 12, 3),
(1278, 'text', '2.6.02-014', 'Wodurch erlischt die Betriebserlaubnis eines Mofas? ', NULL, 12, 3),
(1279, 'text', '2.6.02-015', 'Welche Papiere müssen Sie mitführen? ', NULL, 12, 2),
(1280, 'text', '2.6.02-016', 'Sie wollen auf öffentlichen Straßen fahren. Welche Versicherung muss für Ihr Fahrzeug abgeschlossen werden? ', NULL, 12, 2),
(1281, 'text', '2.6.02-017', 'Wodurch weisen Sie nach, dass Sie eine Haftpflichtversicherung für Ihr Fahrzeug abgeschlossen haben? ', NULL, 12, 2),
(1282, 'text', '2.6.02-018', 'Wie lange ist das Versicherungskennzeichen höchstens gültig? ', NULL, 12, 2),
(1283, 'text', '2.6.02-023', 'Das Versicherungskennzeichen Ihres Zweirades ist nicht mehr gültig. Welche Folgen hat es, wenn Sie damit weiterhin fahren? ', NULL, 12, 3),
(1284, 'text', '2.6.02-024', 'Welche Dokumente müssen Sie mitführen, wenn Sie ein Motorrad mit einem Hubraum von 200 cm³ fahren möchten? ', NULL, 12, 2),
(1285, 'text', '2.6.02-025', 'Welche Dokumente müssen Sie mitführen, wenn Sie ein Leichtkraftrad fahren? ', NULL, 12, 2),
(1286, 'text', '2.6.02-026', 'Welche Dokumente müssen Sie mitführen, wenn Sie ein Kleinkraftrad fahren? ', NULL, 12, 2),
(1287, 'text', '2.6.02-027', 'Welche Dokumente müssen Sie mitführen, wenn Sie ein zulassungspflichtiges Kraftfahrzeug führen möchten? ', NULL, 12, 2),
(1288, 'text', '2.6.02-028', 'Welche der aufgeführten Dokumente müssen Sie mitführen, wenn Sie einen Bus im Gelegenheitsverkehr im Inland führen? ', NULL, 12, 2),
(1289, 'text', '2.6.02-030', 'Durch eine technische Änderung an Ihrem Fahrzeug ist die Betriebserlaubnis erloschen. Mit welchen Folgen müssen Sie rechnen, wenn Sie das Fahrzeug dennoch auf öffentlichen Straßen benutzen? ', NULL, 12, 3),
(1290, 'text', '2.6.02-031', 'Welche land- oder forstwirtschaftlich genutzten Anhänger müssen kein eigenes Kennzeichen führen? ', NULL, 12, 2),
(1291, 'image', '2.6.02-034', 'Was bedeuten die Zahlen auf einer solchen Tafel? ', 'questionimgs/2.6.02-034.jpg', 12, 3),
(1292, 'text', '2.6.02-035', 'Sie möchten einen Lkw mit 8,0 t zulässiger Gesamtmasse führen, der mit orangefarbenen Warntafeln gekennzeichnet ist. Welche der folgenden Bedingungen müssen Sie erfüllen? ', NULL, 12, 3),
(1293, 'text', '2.6.02-036', 'Wegen einer technischen Änderung an Ihrem Fahrzeug ist eine Begutachtung erfolgt. Wozu sind Sie verpflichtet? ', NULL, 12, 3),
(1294, 'text', '2.6.02-037', 'Die bauartbedingte Höchstgeschwindigkeit eines Mofas beträgt durch eine unzulässige technische Änderung mehr als 25 km/h. Welche Folge hat die Nutzung eines solchen Mofas im öffentlichen Straßenverkehr für Sie? ', NULL, 12, 3),
(1295, 'text', '2.6.02-101', 'Wegen „Tieferlegung“ Ihres Pkws ist eine Begutachtung erforderlich. Wann muss diese erfolgen? ', NULL, 12, 3),
(1296, 'text', '2.6.02-104', 'Sie besitzen die Fahrerlaubnis der Klasse B. Ihr Pkw hat folgende Daten: – Leermasse 1.900 kg – zulässige Gesamtmasse 2.400 kg – zulässige Anhängelast 1.500 kg Welchen Anhänger dürfen Sie mitführen? ', NULL, 12, 3),
(1297, 'text', '2.6.02-201', 'Sie besitzen die Fahrerlaubnis der Klasse C. Ihr Lkw hat folgende Daten: – Leermasse 9.000 kg – zulässige Gesamtmasse 18.000 kg – zulässige Anhängelast 22.000 kg Welchen Anhänger dürfen Sie mitführen? ', NULL, 12, 3),
(1298, 'text', '2.6.02-202', 'Sie besitzen die Fahrerlaubnis der Klasse C1. Ihr Lkw hat folgende Daten: – Leermasse 3.500 kg – zulässige Gesamtmasse 6.200 kg – zulässige Anhängelast 9.300 kg Welchen Anhänger dürfen Sie mitführen? ', NULL, 12, 3),
(1299, 'text', '2.6.02-203', 'Sie besitzen die Fahrerlaubnis der Klasse D. Ihr Bus hat folgende Daten: – Leermasse 13.000 kg – zulässige Gesamtmasse 18.000 kg – zulässige Anhängelast 2.000 kg Welchen Anhänger dürfen Sie mitführen? ', NULL, 12, 3),
(1300, 'text', '2.6.02-207', 'Wann erlischt eine Fahrerlaubnis der Klasse D oder D1? ', NULL, 12, 3),
(1301, 'text', '2.6.02-209', 'Wann darf ein Busfahrer den Fahrdienst nicht ausüben? ', NULL, 12, 3),
(1425, 'text', '2.7.01-008', 'Ihr Motorrad ist voll beladen. Wie fahren Sie auf einer langen Passstraße bergab? ', NULL, 13, 4),
(1426, 'text', '2.7.01-009', 'Wann besteht die Gefahr, dass das Vorderrad des Motorrads von der Fahrbahn abhebt? ', NULL, 13, 3),
(1427, 'text', '2.7.01-014', 'Sie wechselten das Motorrad. Zum ersten Mal fahren Sie ein Motorrad mit Verkleidung. Was ist anders? ', NULL, 13, 3),
(1428, 'text', '2.7.01-019', 'Was geschieht, wenn man bei hoher Geschwindigkeit in einen zu niedrigen Gang kommt und schnell einkuppelt? ', NULL, 13, 4),
(1429, 'text', '2.7.01-020', 'Was müssen Sie vor Fahrtantritt an Ihrem Motorrad kontrollieren? ', NULL, 13, 3),
(1430, 'text', '2.7.01-022', 'Wann ist höherer Reifendruck nötig? ', NULL, 13, 3),
(1431, 'text', '2.7.01-023', 'Was müssen Sie bedenken, wenn Sie einen Beifahrer mitnehmen? ', NULL, 13, 3),
(1432, 'text', '2.7.01-025', 'Warum neigt das Hinterrad eines Motorrads beim Bremsen eher zum Blockieren als das Vorderrad? ', NULL, 13, 3),
(1433, 'text', '2.7.01-026', 'Was ist beim Befahren von Kurven in Gefällstrecken richtig? ', NULL, 13, 4),
(1434, 'text', '2.7.01-027', 'Sie fahren zügig in eine Kurve, die in ihrem Verlauf enger wird, als es zunächst aussah. Was tun Sie? ', NULL, 13, 4),
(1435, 'text', '2.7.01-028', 'Was ist beim Aufbocken (Mittelständer) von Motorrädern besonders zu beachten? ', NULL, 13, 3),
(1436, 'text', '2.7.01-029', 'Warum ist das Gebot, auf Sicht zu fahren, in Kurven besonders wichtig? ', NULL, 13, 4),
(1437, 'text', '2.7.01-030', 'Wie können Sie der Fliehkraft entgegenwirken? ', NULL, 13, 3),
(1438, 'text', '2.7.01-031', 'Was kann geschehen, wenn ein Motorrad stark beschleunigt wird? ', NULL, 13, 4),
(1439, 'text', '2.7.01-032', 'Was muss vor dem Fahren mit hoher Zuladung verändert werden? ', NULL, 13, 3),
(1440, 'text', '2.7.01-033', 'Welche Kontrollen sind vor Fahrtbeginn besonders wichtig? ', NULL, 13, 4),
(1441, 'text', '2.7.01-034', 'In welchen Fällen darf man nur sehr gefühlvoll bremsen? ', NULL, 13, 3),
(1442, 'text', '2.7.01-035', 'Wie ist ein Motorrad im Regelfall abzubremsen? ', NULL, 13, 3),
(1443, 'text', '2.7.01-036', 'Warum müssen beim Motorrad beide Bremsen immer voll wirksam sein? ', NULL, 13, 3),
(1444, 'text', '2.7.01-037', 'Bestehen Unterschiede bei der Blockierneigung der Räder? ', NULL, 13, 3),
(1445, 'text', '2.7.01-038', 'Bestehen Unterschiede in der Wirkung der Bremsen? ', NULL, 13, 3),
(1446, 'text', '2.7.01-040', 'Ihr Fahrzeug war längere Zeit bei feuchtem Wetter im Freien abgestellt. Womit müssen Sie bei den ersten Bremsungen rechnen? ', NULL, 13, 3),
(1447, 'text', '2.7.01-041', 'Was kann die Ursache für das Wegrutschen eines Mofas beim Kurvenfahren sein? ', NULL, 13, 4),
(1448, 'text', '2.7.01-042', 'Wann verlängert sich der Bremsweg? ', NULL, 13, 4),
(1449, 'text', '2.7.01-043', 'Welche besondere Eigenschaft von Scheibenbremsen müssen Sie bei nasser Fahrbahn berücksichtigen? ', NULL, 13, 3),
(1450, 'text', '2.7.01-045', 'Was ist beim Kontrollieren des Reifenluftdrucks zu berücksichtigen? ', NULL, 13, 3),
(1451, 'text', '2.7.01-046', 'Sie befahren eine Kurve ein Mal mit 30 km/h und ein anderes Mal mit 60 km/h. Wie ändert sich dabei die Fliehkraft? ', NULL, 13, 3),
(1452, 'text', '2.7.01-047', 'Wodurch wird die auf ein Fahrzeug wirkende Fliehkraft bei Kurvenfahrt vergrößert? ', NULL, 13, 3),
(1453, 'text', '2.7.01-048', 'Sie fahren ein Motorrad mit Beiwagen rechts. Welche Fahrtechnik ist in Kurven anzuwenden? ', NULL, 13, 3),
(1454, 'text', '2.7.01-049', 'Wo sollte zur Verminderung der Kippgefahr in Kurven ein Mitfahrer auf einem Motorrad mit Beiwagen sitzen? ', NULL, 13, 3),
(1455, 'text', '2.7.01-050', 'Was können Sie tun, wenn bei Ihrem Gespann (Beiwagen rechts) in einer Rechtskurve der Beiwagen abhebt? ', NULL, 13, 3),
(1456, 'text', '2.7.01-051', 'Was kann bei einem Motorrad mit Beiwagen rechts bei zu schnellem Fahren in einer Rechtskurve passieren? ', NULL, 13, 3),
(1457, 'text', '2.7.01-052', 'Sie haben bisher nur Solo-Motorräder gefahren. Jetzt steigen Sie auf ein Gespann um (Beiwagen rechts, ungebremst). Was ist fahrtechnisch anders? ', NULL, 13, 3),
(1458, 'text', '2.7.01-053', 'Sie haben bisher nur Solo-Motorräder gefahren. Jetzt steigen Sie auf ein Gespann um (Beiwagen rechts, ungebremst). Was ist anders? ', NULL, 13, 3),
(1459, 'text', '2.7.01-054', 'Was müssen Sie über die Notbetätigung von Bustüren wissen? ', NULL, 13, 3),
(1460, 'text', '2.7.01-055', 'Was kann geschehen, wenn Sie Ihr Motorrad beim Anfahren sehr stark beschleunigen? ', NULL, 13, 3),
(1461, 'text', '2.7.01-056', 'Sie führen einen Linienbus und wollen von einer Haltestelle abfahren. Worauf müssen Sie achten? ', NULL, 13, 4),
(1462, 'text', '2.7.01-058', 'Sie fahren bei Nässe mit einem Pkw und Anhänger auf einer schmalen Landstraße und nähern sich einer übersichtlichen, aber engen Linkskurve. Wie verhalten Sie sich? ', NULL, 13, 4),
(1463, 'text', '2.7.01-060', 'Was müssen Sie beim Aufbocken eines Motorrads auf den Mittelständer beachten? ', NULL, 13, 3),
(1464, 'text', '2.7.01-061', 'Wie verhalten Sie sich, wenn Ihr Motorrad zu pendeln beginnt? ', NULL, 13, 4),
(1465, 'text', '2.7.01-062', 'Sie fahren ein Motorrad mit Antiblockiersystem (ABS). Wie führen Sie eine Gefahrbremsung durch? ', NULL, 13, 3),
(1466, 'text', '1.8.01-003', 'Wann werden im Fahreignungsregister eingetragene Ordnungswidrigkeiten getilgt, die mit zwei Punkten bewertet wurden? ', NULL, 7, 3);

-- --------------------------------------------------------

--
-- Tabellenstruktur für Tabelle `user`
--

CREATE TABLE IF NOT EXISTS `user` (
  `id` int(11) UNSIGNED NOT NULL AUTO_INCREMENT,
  `username` varchar(64) NOT NULL,
  `password` varchar(128) NOT NULL,
  `email` varchar(256) NOT NULL,
  `profilepicture` varchar(64) DEFAULT NULL,
  `is_admin` tinyint(1) NOT NULL DEFAULT 0,
  `created_at` timestamp NOT NULL DEFAULT current_timestamp(),
  PRIMARY KEY (`id`)
) ENGINE=InnoDB AUTO_INCREMENT=2 DEFAULT CHARSET=utf8mb4;

--
-- Daten für Tabelle `user`
--

INSERT INTO `user` (`id`, `username`, `password`, `email`, `profilepicture`, `is_admin`, `created_at`) VALUES
(1, 'Test Benutzer', '$2y$10$Fj7WTrj5zqnkBR7lfYDGQeDHhGrt4t2o2HxzI0.ytGyEinkkkCb6W', 'testbenutzer@srh.de', 'profilepictures/profilepicture_1.jpg', 0, '2023-04-19 23:58:11');

-- --------------------------------------------------------

--
-- Tabellenstruktur für Tabelle `user_answer`
--

CREATE TABLE IF NOT EXISTS `user_answer` (
  `question_id` int(11) UNSIGNED NOT NULL,
  `exercise_id` int(11) UNSIGNED NOT NULL,
  `is_correct` tinyint(1) NOT NULL DEFAULT 0,
  PRIMARY KEY (`question_id`,`exercise_id`),
  KEY `exercise_id` (`exercise_id`)
) ENGINE=InnoDB DEFAULT CHARSET=utf8mb4;

--
-- Daten für Tabelle `user_answer`
--

INSERT INTO `user_answer` (`question_id`, `exercise_id`, `is_correct`) VALUES
(3, 1, 1),
(3, 3, 0),
(5, 6, 1),
(6, 6, 0),
(7, 4, 1),
(8, 2, 1),
(9, 3, 1),
(10, 2, 1),
(11, 1, 1),
(11, 3, 0),
(11, 4, 1),
(13, 6, 1),
(15, 4, 1),
(20, 1, 0),
(25, 1, 1),
(25, 6, 0),
(26, 2, 1),
(26, 3, 0),
(27, 6, 0),
(29, 4, 1),
(36, 6, 1),
(37, 4, 1),
(38, 3, 0),
(39, 3, 1),
(189, 4, 1),
(190, 3, 1),
(194, 4, 0),
(196, 1, 1),
(200, 3, 1),
(201, 3, 1),
(201, 4, 1),
(201, 6, 1),
(202, 3, 1),
(203, 6, 0),
(209, 4, 1),
(210, 1, 1),
(210, 3, 1),
(212, 1, 1),
(213, 3, 1),
(213, 4, 1),
(214, 6, 1),
(220, 6, 0),
(222, 4, 1),
(226, 6, 1),
(421, 3, 1),
(422, 6, 0),
(424, 1, 1),
(425, 2, 1),
(427, 3, 1),
(428, 3, 1),
(430, 2, 1),
(430, 6, 1),
(431, 3, 1),
(433, 6, 1),
(434, 2, 1),
(434, 6, 1),
(435, 3, 1),
(435, 6, 1),
(436, 1, 1),
(436, 4, 1),
(436, 5, 1),
(437, 6, 1),
(438, 1, 1),
(438, 4, 0),
(439, 1, 1),
(440, 2, 1),
(440, 3, 1),
(443, 3, 1),
(444, 3, 1),
(444, 4, 1),
(445, 3, 1),
(445, 5, 1),
(445, 6, 1),
(446, 4, 1),
(446, 6, 1),
(448, 4, 1),
(448, 6, 0),
(449, 1, 1),
(452, 6, 1),
(453, 4, 1),
(454, 6, 1),
(455, 3, 1),
(458, 4, 1),
(464, 4, 0),
(465, 6, 1),
(468, 5, 1),
(468, 6, 0),
(471, 2, 1),
(474, 4, 0),
(475, 1, 1),
(475, 4, 1),
(476, 1, 0),
(476, 4, 0),
(476, 6, 1),
(478, 1, 1),
(478, 6, 1),
(479, 6, 1),
(480, 5, 1),
(481, 1, 1),
(483, 5, 1),
(485, 1, 1),
(486, 4, 1),
(490, 1, 1),
(495, 6, 1),
(499, 6, 1),
(501, 6, 1),
(604, 6, 0),
(605, 4, 1),
(606, 2, 1),
(606, 6, 1),
(609, 2, 1),
(610, 3, 1),
(610, 4, 1),
(611, 6, 0),
(613, 4, 1),
(614, 4, 1),
(614, 6, 0),
(615, 4, 0),
(616, 4, 1),
(616, 6, 1),
(619, 3, 1),
(620, 1, 1),
(622, 1, 1),
(622, 6, 1),
(623, 6, 1),
(624, 6, 1),
(626, 4, 1),
(627, 6, 0),
(628, 6, 1),
(630, 3, 1),
(1262, 7, 1),
(1264, 7, 1),
(1267, 7, 1),
(1268, 7, 0),
(1273, 7, 1),
(1274, 7, 1),
(1281, 7, 1),
(1282, 7, 0),
(1283, 7, 0),
(1285, 7, 1),
(1286, 7, 1),
(1287, 7, 0),
(1288, 7, 1),
(1290, 7, 1),
(1291, 7, 1),
(1292, 7, 0),
(1293, 7, 1),
(1295, 7, 1),
(1297, 7, 0),
(1298, 7, 1),
(1426, 8, 1),
(1427, 8, 1),
(1432, 8, 1),
(1433, 8, 1),
(1434, 8, 1),
(1435, 8, 0),
(1445, 8, 1),
(1447, 8, 1),
(1448, 8, 1),
(1449, 8, 1),
(1452, 8, 0),
(1453, 8, 1),
(1454, 8, 1),
(1457, 8, 1),
(1459, 8, 1),
(1460, 8, 1),
(1461, 8, 1),
(1463, 8, 1),
(1464, 8, 1),
(1465, 8, 1);

--
-- Constraints der exportierten Tabellen
--

--
-- Constraints der Tabelle `answer`
--
ALTER TABLE `answer`
  ADD CONSTRAINT `answer_ibfk_1` FOREIGN KEY (`question_id`) REFERENCES `question` (`id`);

--
-- Constraints der Tabelle `bookmark`
--
ALTER TABLE `bookmark`
  ADD CONSTRAINT `bookmark_ibfk_1` FOREIGN KEY (`user_id`) REFERENCES `user` (`id`),
  ADD CONSTRAINT `bookmark_ibfk_2` FOREIGN KEY (`question_id`) REFERENCES `question` (`id`);

--
-- Constraints der Tabelle `exercise`
--
ALTER TABLE `exercise`
  ADD CONSTRAINT `exercise_ibfk_1` FOREIGN KEY (`user_id`) REFERENCES `user` (`id`);

--
-- Constraints der Tabelle `question`
--
ALTER TABLE `question`
  ADD CONSTRAINT `question_ibfk_1` FOREIGN KEY (`category_id`) REFERENCES `category` (`id`);

--
-- Constraints der Tabelle `user_answer`
--
ALTER TABLE `user_answer`
  ADD CONSTRAINT `user_answer_ibfk_2` FOREIGN KEY (`question_id`) REFERENCES `question` (`id`),
  ADD CONSTRAINT `user_answer_ibfk_3` FOREIGN KEY (`exercise_id`) REFERENCES `exercise` (`id`);
COMMIT;

/*!40101 SET CHARACTER_SET_CLIENT=@OLD_CHARACTER_SET_CLIENT */;
/*!40101 SET CHARACTER_SET_RESULTS=@OLD_CHARACTER_SET_RESULTS */;
/*!40101 SET COLLATION_CONNECTION=@OLD_COLLATION_CONNECTION */;
